subject,es,stat,pval
E1,-0.7175610359560035,0.3146813278356957,4.5138621320298945e-12
E1,-0.7389167887221749,0.34660997224083906,3.9965021213681105e-13
E1,-0.23361958919433215,0.10729485662262242,3.763794944473224e-05
E1,-0.8431911275205528,0.3587134166020249,1.595917748384791e-13
E1,-1.053281260516657,0.414661910176106,2.3059194850922087e-15
E1,-0.8034916639391788,0.3046600052043128,9.6694383229837e-12
E1,0.3233391912245388,0.262198782087739,2.4532208050533285e-10
E1,-0.7761400388873378,0.38815690392572505,1.7143095337499423e-14
E1,0.6548904602428575,0.26519043070927634,1.9527482657695775e-10
E1,-1.146834048438133,0.45259548107299574,1.3101462912126527e-16
E1,-0.6565737645302852,0.30174139321006926,1.2072508096126137e-11
E1,-0.9064364116639874,0.29083368065365645,2.7683473788615536e-11
E1,-0.05605369194737466,0.16648606202680827,3.7743032337180974e-07
E1,-0.06366304304851371,0.16204935975686288,5.316757272069341e-07
E1,-1.2366020181623698,0.4638636625880684,5.592648309312459e-17
E1,0.025531999571393613,0.39135035606231705,1.346080243581476e-14
E1,-0.10976710476722075,0.11336975832531794,2.3379030578906365e-05
E1,-0.06821171853623947,0.1508223677257039,1.2670992030667228e-06
E1,-0.36758660621027295,0.33959442193585854,6.805652750017718e-13
E1,-0.744612468059938,0.42144880339755386,1.3800246819794394e-15
E1,-0.4318404562283729,0.2195016089157312,6.411124284790635e-09
E1,0.09509003092335094,0.09241223928939654,0.00012148954741366888
E1,-0.12027326019972423,0.18690634230944078,7.824447055245857e-08
E1,-0.4906119295052697,0.1957776049389539,3.956084226866026e-08
E1,-0.9379598359946937,0.3217314827756966,2.64183809424583e-12
E1,-0.7157248210202871,0.29953823258083295,1.4274984397164357e-11
E1,-1.0446904349102066,0.47045392824907833,3.399773082621293e-17
E1,-1.3180942607622548,0.4534412118497127,1.2290446124252305e-16
E1,-0.4998211190588452,0.37240380299681186,5.6537596282069064e-14
E1,-1.081125145383466,0.38418359122835655,2.3161799241388803e-14
E1,-0.7839351142191051,0.4108629744524162,3.073736610196754e-15
E1,-0.30351566225593013,0.10941715451258674,3.186571674421661e-05
E1,-0.6177530213573571,0.36179223416055806,1.2636736632548482e-13
E1,-0.284192952233117,0.3378668802138083,7.759105239346714e-13
E1,-0.5740846184820455,0.3601563374627674,1.4305333141745239e-13
E1,-0.3888363858648156,0.23620933684588924,1.7851050228057042e-09
E1,-0.5091330023867915,0.17816051773209737,1.5340886394531564e-07
E1,-0.6349183488025255,0.2813477623034649,5.7000891547942527e-11
E1,-0.1479883209377577,0.20207128067809163,2.439853832635495e-08
E1,-0.8517782692923189,0.4113878877667575,2.954054135074846e-15
E1,-0.9685347575680623,0.386123941702844,1.9996370273651264e-14
E1,0.3004714037329131,0.12459445500920627,9.725597278969851e-06
E1,-0.6502261197629283,0.24795874137988672,7.273553144783708e-10
E1,0.09862264219000935,0.18107163021322634,1.225965168845227e-07
E1,-0.9549908823787777,0.3528777140466847,2.4842837086954344e-13
E1,-0.33484147180222695,0.14803300318283819,1.5727562387754378e-06
E1,0.21557016934648562,0.25926810462835004,3.067830496266505e-10
E1,-0.36590899386987724,0.17707625971858715,1.6677438345824048e-07
E1,-0.9719611741441664,0.3944187223523628,1.0670347131985221e-14
E1,-0.7487157013795269,0.24441971117971176,9.531191814818878e-10
E1,-0.8924302849398156,0.36939585446884915,7.101211309931172e-14
E1,-1.0507913772285256,0.5361339535745908,2.3936883066299913e-19
E1,-1.1123640614859671,0.44766398377539857,1.9017694415434503e-16
E1,-0.047698812629624054,0.05689022584933872,0.002081043496846321
E1,-0.3353757465678187,0.2709022904295979,1.2633468752797252e-10
E1,-0.33562790453974023,0.15034066314515035,1.315266450638359e-06
E1,-0.7680785898594944,0.3034828982871573,1.0574911217082178e-11
E1,-0.3171774615383501,0.2812073794691932,5.7613616384644234e-11
E1,-0.9965878715896841,0.3321825895946534,1.1945624879228417e-12
E1,0.05568771186425445,0.09815905034100612,7.719827477544608e-05
E1,-0.733306472684793,0.4496253479631687,1.6397908414469686e-16
E1,0.5489579038514304,0.2122933444653995,1.1138272557313422e-08
E1,-1.1906276553574506,0.49826161237889294,4.1662929473781785e-18
E1,-0.5008137098366414,0.4390889548477186,3.6360053481480113e-16
E1,-0.8872072037046213,0.38417503253929924,2.3176818115293032e-14
E1,-0.5328734377643443,0.18853185011363907,6.904828900222972e-08
E1,-0.5126927448084695,0.36711639456819245,8.440356224511568e-14
E1,-0.813049986250591,0.37477299789403246,4.7246909015066734e-14
E1,0.03399725802697455,0.04695879659363673,0.004685852148824967
E1,-1.059863998128455,0.3803730866568609,3.091151832280229e-14
E1,-1.0136195288972716,0.4061565456701517,4.388644422010189e-15
E1,-0.5756217920817087,0.3717922155967181,5.92194474985873e-14
E1,-1.2686259306307723,0.4609319040749828,6.979031498271955e-17
E1,-0.9046000232942585,0.4683949866942064,3.971742523316405e-17
E1,-0.7895375018363681,0.4422190616475176,2.869942970703502e-16
E1,-0.5449574647555934,0.28957776556593634,3.0460474419256726e-11
E1,-0.20763965806231435,0.18178093099969247,1.1608073408463038e-07
E1,-0.8881554115246207,0.3236963425790255,2.2755489356619862e-12
E1,-0.15404561333536046,0.15697047404043185,7.873320074531769e-07
E1,-0.7875905996162333,0.48759339503322957,9.320496568057454e-18
E1,-0.3775191557860455,0.3136389226184985,4.886004501854023e-12
E1,-1.0130991002978664,0.3706748115485684,6.445236946689846e-14
E1,-0.129297336655374,0.17192735317263613,2.4802896798711265e-07
E1,-0.5042982156286482,0.271531152825706,1.2042197750868514e-10
E1,-0.436296363925631,0.3600225938694921,1.445112825512393e-13
E1,-0.49175325078110127,0.250132557871216,6.161031101423162e-10
E1,-0.8002715640714927,0.3601480874817799,1.4314283774932004e-13
E1,-1.3187843043990832,0.41252250461073653,2.7110468157873312e-15
E1,-0.05685279802477202,0.10796534126750526,3.570896609950033e-05
E1,-0.5097650437884769,0.25462497788785304,4.372299408789504e-10
E1,-0.16035012702437593,0.1976227367376865,3.4332800382682586e-08
E1,-0.8716805502201285,0.33281554787449125,1.1385156342148318e-12
E1,-0.8801617346801452,0.38764865024202677,1.781577197381387e-14
E1,-0.6209370275522219,0.29881796482531947,1.507894173201862e-11
E1,-0.8397115451070866,0.3799630516026251,3.188671437965888e-14
E1,-0.8808977556464904,0.331858184691108,1.2243495072506561e-12
E1,-0.9821773385195975,0.46696227439431803,4.425627435494392e-17
E1,-1.1864537429826123,0.4012334193012805,6.3700634275308174e-15
E1,-1.257137834280935,0.422482623397487,1.2762308281642016e-15
E1,-0.49657284580920086,0.3191880905897349,3.204959332015877e-12
E3,1.4590271071373815,0.6748621461131046,2.4898190741567858e-20
E3,1.9957393869739017,0.7951600830282516,1.2484219742046743e-23
E3,1.028879605395608,0.5227035499580451,3.7987526717812447e-16
E3,1.2374699044313304,0.6628093782179395,5.334595177279019e-20
E3,1.9360561889480121,0.7393429053662749,4.2341204679557563e-22
E3,1.6606654372397114,0.7663053207512682,7.715592021457754e-23
E3,1.0007824500628468,0.5794538434173805,1.0417781792795623e-17
E3,1.7807488428229363,0.7268471894225826,9.322359230931925e-22
E3,1.6799426716630617,0.737908319502087,4.635659103319888e-22
E3,1.1854005563954577,0.6562291861449402,8.087278385666459e-20
E3,1.4422557745922957,0.6694320728694598,3.5095669930212834e-20
E3,1.8795480448191604,0.7195582135151547,1.4773831410559545e-21
E3,0.9074391162990156,0.5008222027976562,1.5221457512766754e-15
E3,1.424080143360606,0.7566585902970732,1.4186747295413037e-22
E3,1.531894959398618,0.7061767912826774,3.440777833264273e-21
E3,0.9984662662719344,0.5275443894542227,2.794650993562083e-16
E3,1.464506679016575,0.6364741212280767,2.8211555380797303e-19
E3,1.3474265823895561,0.6799076730334925,1.809888249918019e-20
E3,1.5778555008183504,0.7476791665881984,2.501086307865223e-22
E3,1.8538259522669442,0.7168335565797094,1.7548794943185934e-21
E3,1.5367030267069732,0.6854349920910747,1.2762090122892215e-20
E3,0.8499996818116726,0.49435203799785915,2.294963531606327e-15
E3,1.4466101593025595,0.7207996271169607,1.3659489539521015e-21
E3,1.5360111897622666,0.6868687016261035,1.1656477714521524e-20
E3,1.3616322755823798,0.673474185331861,2.718152279989378e-20
E3,0.9569119619737266,0.517884158227362,5.156805758223455e-16
E3,1.15040401430043,0.7143933719921575,2.0473831493196695e-21
E3,1.58320000165557,0.720547006815507,1.3879223132909652e-21
E3,1.326982518566123,0.6948788381305682,7.026031103820624e-21
E3,1.8727814025808895,0.7280963598710085,8.615051884247067e-22
E3,1.4270111055634966,0.7047121154847983,3.7744114123342095e-21
E3,1.5859215610057371,0.7247563053144256,1.0638624385607472e-21
E3,1.6048992806035234,0.7120967298339322,2.3670897143519135e-21
E3,1.5291284757463415,0.7192874761065953,1.5028685847824326e-21
E3,1.6905703171970219,0.7752738466514313,4.38007103229652e-23
E3,1.4371976728362557,0.6662552709900785,4.290230366082489e-20
E3,1.582481775836645,0.6895501214475194,9.83934842904475e-21
E3,1.6983777514304497,0.7477982791474352,2.4823443267409044e-22
E3,1.1096040234256666,0.597769158927115,3.266904252613328e-18
E3,1.356509887181545,0.6343733122796109,3.222125936420441e-19
E3,1.5339605526002753,0.6952411035796695,6.867006734751265e-21
E3,2.4548984070727973,0.8123020801272522,4.2322335406460516e-24
E3,1.3615893238063883,0.7102043007059807,2.6677249379921507e-21
E3,1.3316547964570205,0.6507816990554764,1.1413349299243127e-19
E3,1.2551079364314242,0.6037996041228483,2.2302405796284685e-18
E3,1.6749841591860708,0.6975472396203957,5.9357481306449305e-21
E3,1.1361473046806023,0.6244981024441387,6.018300616200444e-19
E3,1.6020115712232594,0.7906417899007377,1.6603703663875829e-23
E3,1.4445024312716999,0.6673890717593094,3.9934544712429375e-20
E3,1.4479639826534025,0.6442833282938557,1.7214881897616724e-19
E3,1.7486748391547393,0.8135932836725591,3.9010973089204825e-24
E3,1.1842276833565353,0.6391599667457544,2.380356795327323e-19
E3,1.5678185512357892,0.6955079345882599,6.752182467715233e-21
E3,0.8784321985511797,0.4209478651993831,2.4345813126661615e-13
E3,0.9355660663160117,0.5202493479397061,4.438483265638782e-16
E3,1.5334409393905317,0.6883825224076546,1.0592898796134269e-20
E3,1.1516782413762994,0.5967811022491565,3.477773526546482e-18
E3,1.7413548267991648,0.7229961175978785,1.1889795141468957e-21
E3,1.2090617468900278,0.6261225450164106,5.430467863775229e-19
E3,1.5921480752975132,0.727968040749801,8.685163348575878e-22
E3,1.4270586615878342,0.678586673368837,1.9675074517413673e-20
E3,1.167029903800439,0.6418979507960848,2.0018356712756312e-19
E3,1.809430664548676,0.7423891173735775,3.493118147832501e-22
E3,1.2543599800189047,0.6386194732943247,2.46314563883206e-19
E3,1.4709724203470567,0.7177063394482948,1.6607381326383173e-21
E3,1.3562045835554266,0.6159531598484924,1.033464337596164e-18
E3,1.3831093374864387,0.6611982725654835,5.90667036161224e-20
E3,2.1234833089646945,0.7791281528175464,3.434131645506454e-23
E3,1.7118615263840375,0.7900148235784658,1.7273894096999227e-23
E3,1.8997799844696597,0.7830316035019792,2.684173315747231e-23
E3,1.1700357672819117,0.5651907323376393,2.5711298658026716e-17
E3,1.1546786554427615,0.5766332972273754,1.2455260804546597e-17
E3,1.4587942595010643,0.7060863790687706,3.4604902885668145e-21
E3,1.4758127276256274,0.7567686432791516,1.4088507635701358e-22
E3,1.1297086853093523,0.5483185606546072,7.488726911322247e-17
E3,1.2429155029230061,0.6043605210110943,2.1524467412092173e-18
E3,1.1273081701136891,0.6605833430590541,6.140859092838386e-20
E3,1.5853226634100612,0.6915454639454277,8.673595064799335e-21
E3,1.5543740191961104,0.6748950288853983,2.484648822522496e-20
E3,1.250301530153632,0.6070656531024288,1.8137283415251016e-18
E3,1.6555559641694977,0.7941222187381822,1.3329320877306224e-23
E3,1.7466310459190237,0.6756148840713719,2.374116261559015e-20
E3,1.727459147181489,0.7219037507432032,1.2739222213983095e-21
E3,1.2518151720097757,0.6168654177228534,9.75492897296588e-19
E3,1.5750559379945932,0.7106995604896382,2.5855413311320046e-21
E3,1.904573914669027,0.7774287388712786,3.82300663488371e-23
E3,1.5535850679823984,0.723721950889941,1.1356951049710057e-21
E3,1.3569660793157268,0.6425664727481514,1.9189532286527281e-19
E3,1.3635241714155673,0.6437288056724757,1.782937354484319e-19
E3,1.8572530748283793,0.7532268453756883,1.761932749421731e-22
E3,1.7331159929576285,0.7464386187254004,2.704898373524296e-22
E3,1.3082397040404077,0.663770165447343,5.020172484946428e-20
E3,1.67933498212634,0.7350934195350907,5.537601688846103e-22
E3,1.43456378888132,0.6448124623426886,1.6648286572510207e-19
E3,1.3334842210066156,0.6315284429969809,3.85747464771662e-19
E3,1.4122397357886352,0.6376946314218215,2.6115418636926677e-19
E3,1.226126548596539,0.5939437823619216,4.162090504869491e-18
E3,1.190896367716485,0.5665128240316815,2.3645620995976967e-17
E3,1.6270454505812049,0.6990474558065541,5.39887356446819e-21
E3,1.585793567172716,0.7370959262335794,4.879714534058362e-22
E4,1.7790827299998442,0.7412867159223931,3.670347474581139e-14
E4,1.7699768205707034,0.7124708040749852,1.1179980646984517e-13
E4,2.030427318320311,0.7430125995105948,3.433557790893922e-14
E4,1.1818560602644168,0.4293512336915953,6.663294655389304e-09
E4,1.3368695130484294,0.6330611082374444,2.4167730883140844e-12
E4,1.570769817249526,0.6020886306228432,8.028624138828012e-12
E4,1.665382024138301,0.6543312581773251,1.0603161754907854e-12
E4,1.987158317501397,0.7126021544329099,1.1123343763272419e-13
E4,1.4868983977777412,0.6733217211472462,5.083432510789013e-13
E4,1.253218094648224,0.5712040638754895,2.6611805270088032e-11
E4,1.3398467112063401,0.6857332067231109,3.144651241706687e-13
E4,1.4509542620458242,0.5775541465789424,2.079819939152187e-11
E4,1.4018514325225304,0.5149171264530641,2.371619395558459e-10
E4,1.2740655192235177,0.6611789456766783,8.133731218868931e-13
E4,1.4476779216835678,0.5640127464758129,3.518300381692939e-11
E4,1.1246762989353267,0.45134528189404816,2.8230697155253953e-09
E4,1.4568614153898518,0.5547805597769506,5.0355844452463e-11
E4,1.9486643364736758,0.753487473379772,2.290780328881213e-14
E4,1.4550952694996855,0.5702514251030181,2.761441106813166e-11
E4,1.7761436829159012,0.6101655027938738,5.86981055833862e-12
E4,1.301778080631556,0.49593276758192106,4.965209812587724e-10
E4,1.9696094998293587,0.7099933301804295,1.2303966103159874e-13
E4,1.2278990678913213,0.5013573855822328,4.0199254801002225e-10
E4,1.3301117401023868,0.564455902765026,3.4582756803269477e-11
E4,1.307092444126364,0.5005826436243759,4.143010197642575e-10
E4,1.4826591448149173,0.6372828872626022,2.052113334572956e-12
E4,1.395745187535499,0.661545594668486,8.019090502536893e-13
E4,1.3526750580460298,0.5535533147696905,5.281453465851712e-11
E4,1.4414728686150506,0.5748063519802984,2.31390067814132e-11
E4,1.3703201906189986,0.5501557056251272,6.026648878387087e-11
E4,1.617570143310813,0.6847098225829997,3.271664762268946e-13
E4,1.34810367703934,0.5977024342408596,9.517447752114845e-12
E4,1.4995100175232132,0.7267741336963661,6.431198471687258e-14
E4,2.1947028116269767,0.7101694684202516,1.2220449150922688e-13
E4,1.6919274915222826,0.6619292359093503,7.900867440984002e-13
E4,1.4105542596267142,0.5468214452791518,6.860197253232977e-11
E4,2.1005155817994656,0.7245182232682272,7.017185069189695e-14
E4,1.336520519945133,0.5316964740886788,1.2349183642713904e-10
E4,1.2355452332880397,0.5707353966966365,2.7100417320953946e-11
E4,1.938721641297696,0.6589194253190903,8.877320263171434e-13
E4,0.976324849136644,0.37795983566313895,4.9789925574624356e-08
E4,1.2796228583752118,0.4897470790054743,6.317611267744447e-10
E4,1.5180975217007293,0.6299537373878539,2.7259957123298793e-12
E4,1.213543360827347,0.4836275753137779,8.018226479010185e-10
E4,1.8963425315648517,0.669935434507657,5.795322599360024e-13
E4,1.5224337869516353,0.5729648875107246,2.4853544034310154e-11
E4,1.4125879557834062,0.5040569285349382,3.6189475993133055e-10
E4,1.3425655285779146,0.536499504816855,1.0245881585091257e-10
E4,1.4464282411348386,0.5443069935990809,7.564303329990308e-11
E4,1.5558562967406466,0.6714255101235118,5.470539040483918e-13
E4,1.1312626253166103,0.4849925855076006,7.602973374608642e-10
E4,1.8435213591754482,0.7387566912139087,4.0473110109498543e-14
E4,1.8901987449172388,0.6715274368726434,5.449000082183628e-13
E4,1.8851031149463109,0.7588514282874893,1.862065296324782e-14
E4,1.5949742656835375,0.6455679148069127,1.4887585980209546e-12
E4,1.9926061913740825,0.7289779591409858,5.906049675029679e-14
E4,1.3112687346041134,0.5007870380150061,4.1101759236043883e-10
E4,1.3776593411964733,0.5964033283756097,1.000930940263994e-11
E4,2.0503110887121276,0.6923415405703004,2.435233310300916e-13
E4,1.374568693911443,0.7336003507071492,4.939790205780706e-14
E4,1.4356128299504363,0.5541520041589242,5.160044829252397e-11
E4,1.8217644808978133,0.7620079376451158,1.6483303292270322e-14
E4,1.9195584468154103,0.7420403485455097,3.565003875394015e-14
E4,1.9303051020001143,0.7098357621149999,1.2379161755583478e-13
E4,1.5009996043721519,0.6986357256399146,1.9089892619253624e-13
E4,1.8236247161380728,0.6778725413352802,4.2625497194320577e-13
E4,1.8934061846345127,0.6933836163492453,2.3390174328916335e-13
E4,1.7689641069517459,0.702958183241093,1.6150984160980913e-13
E4,1.9277214148504196,0.7065820555329371,1.403894159748525e-13
E4,1.4826076129317873,0.6234622448884778,3.505710265285298e-12
E4,1.5636137833407073,0.5943458113361484,1.0840894892749267e-11
E4,1.5936432308325952,0.6357997117711712,2.1734811872650795e-12
E4,1.5036895496781337,0.599221307861348,8.972966025741732e-12
E4,1.1468070130755184,0.45064291423439345,2.901516697486347e-09
E4,0.7618486206586679,0.30700690120111623,8.10587794568403e-07
E4,1.6780230948141897,0.6536307787878095,1.0894700969231438e-12
E4,2.018533271748293,0.7825898811475238,7.44496269810371e-15
E4,1.8723525191345878,0.6967215708568579,2.0556918144991125e-13
E4,1.9153068354092755,0.7915950473255651,5.258712562140786e-15
E4,1.296831723741561,0.5945498884428442,1.0755414184224364e-11
E4,0.8515935395928571,0.26338830555343884,4.551047349144099e-06
E4,1.3286911689942276,0.506707724910198,3.264193591514685e-10
E4,1.1028629693039642,0.37924366419057276,4.734606644551101e-08
E4,1.6824800865779057,0.653044490068702,1.1144871739877842e-12
E4,2.067502165586541,0.7437573394451645,3.3361600515247156e-14
E4,1.3637816153696338,0.49359432163872335,5.438548841498058e-10
E4,2.030935131594954,0.7692229756438879,1.2474529196564574e-14
E4,0.9633836075945873,0.4358473014567837,5.169905559944955e-09
E4,1.1980697296421747,0.4849217737230174,7.623975818240417e-10
E4,1.2554444522664956,0.5541209531515149,5.1662724382575784e-11
E4,1.3479220260284486,0.5308332788337,1.2770652613443511e-10
E4,1.931492046231138,0.7799010865301436,8.2594027361387e-15
E4,1.955698115971463,0.7270997083334423,6.350771628363472e-14
E4,1.0336208695990132,0.5417120177748622,8.366896614279197e-11
E4,1.7602542843165792,0.6941641321709643,2.269451465405223e-13
E4,1.9612122386943287,0.6734134548385663,5.065416570518083e-13
E4,1.4350597434885815,0.5790238057669037,1.9645079700918805e-11
E4,1.1293713985157432,0.5054973301127004,3.4216419090788675e-10
E4,1.8315580147434578,0.6547523635279517,1.043166869948075e-12
E4,1.5034088974157003,0.5606012982961549,4.016676940585613e-11
E5,2.5750815510836604,0.6342300656864307,6.341018649230035e-13
E5,2.17753632580192,0.6401095861541521,4.990284754968462e-13
E5,2.4488921023351944,0.6548118465667421,2.741897379210019e-13
E5,2.4651664471643207,0.635833493676344,5.939992938686224e-13
E5,2.125026314133609,0.564728266962158,1.0796831189414863e-11
E5,1.9265314843522754,0.5813214521339772,5.484379000594931e-12
E5,2.4384968082166942,0.6401162862447317,4.988922808571168e-13
E5,2.399864597976242,0.6173266258519192,1.2628359812328312e-12
E5,2.614250141236665,0.6465120732056083,3.8446500237676543e-13
E5,2.4725938751146055,0.6349157496968502,6.166312215392541e-13
E5,2.1174881101766396,0.5635244521017504,1.1340814412940179e-11
E5,2.148517022623449,0.6121154661205677,1.5617537872916733e-12
E5,2.0948312792134494,0.6285847612896928,7.981126514299362e-13
E5,2.430701070320736,0.6258679815550867,8.915561976840585e-13
E5,2.567429937807737,0.6531619074288311,2.9324636871898023e-13
E5,2.443314413297864,0.635351775496223,6.057730311321471e-13
E5,2.1244390302411333,0.6309640425684013,7.243626811220962e-13
E5,2.2746663364914284,0.6327372654685689,6.738692847463468e-13
E5,2.2570037782894627,0.6309224242163417,7.255921882331545e-13
E5,2.5655870135560646,0.6377411054823763,5.49581142519043e-13
E5,2.694475098741617,0.6653980048019711,1.7817618317953294e-13
E5,2.2884712142022536,0.637142473852637,5.631499900313211e-13
E5,2.257015265574955,0.6279096985782295,8.203739289512602e-13
E5,2.495619759890193,0.6570191090029776,2.506193836006914e-13
E5,2.38668512162547,0.618922616845924,1.1832924141833609e-12
E5,1.8807666175104227,0.557152895084278,1.47112431688298e-11
E5,2.19972117744571,0.6001832006604759,2.540570852610808e-12
E5,2.371116660991057,0.6337907355632599,6.455550984195424e-13
E5,2.66914097092998,0.6676518041613371,1.6255516569097154e-13
E5,2.262300325856747,0.6038505558170584,2.187635466388104e-12
E5,2.2076871966772753,0.6071061382070678,1.9156577705039424e-12
E5,2.406256647055943,0.6186409404056002,1.196957382451896e-12
E5,2.5186746271222042,0.6591849118715153,2.2946343729635653e-13
E5,2.1791420294078976,0.6064212843992856,1.9699098958380258e-12
E5,2.05582266966128,0.6194663067169262,1.1573562997341324e-12
E5,2.581215614236961,0.6755158351478731,1.1802557722668928e-13
E5,2.0814926222718313,0.5881795245613934,4.145643345416613e-12
E5,2.5652351061212095,0.67830815457539,1.0534608487846511e-13
E5,2.193611353957151,0.5840560097346855,4.905279239926579e-12
E5,2.669711731354637,0.6599966659662354,2.220028581034175e-13
E5,2.106139710788592,0.6617859192057007,2.0640430033601518e-13
E5,2.2573364920837453,0.6318214934690467,6.99490341442016e-13
E5,2.326489210015109,0.6105426034071314,1.6651887511860195e-12
E5,2.4665826240295634,0.6357863191950088,5.95142104663994e-13
E5,2.667840075317099,0.6809619285700274,9.456114201056045e-14
E5,2.3487558284350265,0.621354916332043,1.0716031486252256e-12
E5,2.2522476001262937,0.6272506921072062,8.427049587108819e-13
E5,2.410526697032825,0.6463163366897623,3.8754252674215044e-13
E5,2.1518136995575676,0.5908105075921513,3.723693248976361e-12
E5,2.551618385857837,0.6356057002927115,5.99538007194576e-13
E5,2.5570549128558384,0.6445809921102926,4.1592801691510993e-13
E5,1.9181293089721645,0.5675849604136434,9.608164600979548e-12
E5,1.9815400624182984,0.5742797538499615,7.310465857805662e-12
E5,2.3210568372913882,0.6033933482854734,2.2288079287295894e-12
E5,2.4038974952929366,0.6438460582573302,4.2856807806151824e-13
E5,2.3266748640730954,0.5926999879947225,3.4474407504489387e-12
E5,2.2202609678392426,0.6165645875536052,1.3026815572186743e-12
E5,2.4131255035698116,0.6314856761560386,7.091280308860484e-13
E5,2.258331660188382,0.6224836506783653,1.023418884171566e-12
E5,2.394143349503694,0.6629140247254134,1.9713824995200869e-13
E5,2.0864281444461,0.623117251988516,9.97327661969877e-13
E5,2.3646932984665074,0.6573799346899257,2.4696390579565143e-13
E5,2.383599283143741,0.6235925395410118,9.781935463298094e-13
E5,2.244551439863639,0.5879146381174961,4.1906909849008345e-12
E5,2.4064915475487445,0.6334700695213318,6.540452667598589e-13
E5,2.4361904996661554,0.6772849510946058,1.0982580936073231e-13
E5,2.090940118224169,0.6629395542558293,1.9693344348767517e-13
E5,2.2779247409742567,0.6297844220572139,7.600330006054946e-13
E5,2.0706203656956994,0.6208223556472505,1.0951193451576719e-12
E5,2.2902359690476373,0.6310165580428451,7.228142211970524e-13
E5,2.163958809657299,0.6317218125632483,7.023373440989825e-13
E5,2.454853200295982,0.6277777798118619,8.24796201273628e-13
E5,2.178010261418858,0.6283538885464005,8.056571967161246e-13
E5,2.396882439534968,0.6194712478185899,1.1571232176297556e-12
E5,2.09278745383698,0.6363920744094282,5.806333531472782e-13
E5,2.382783769194013,0.6108549823152092,1.6441143847422084e-12
E5,2.281867655082467,0.6333917398644324,6.561360996939968e-13
E5,2.364054893681755,0.6427236105358818,4.4861875358508407e-13
E5,2.379321883892789,0.6135417211804912,1.4735293027874564e-12
E5,2.0649238017724505,0.622889383615745,1.0066335623124069e-12
E5,2.271853344237506,0.6152818482617156,1.3726154177442272e-12
E5,2.563384195800751,0.6539460324426434,2.840299628074442e-13
E5,2.148214486915573,0.6538195291142425,2.8549699967641974e-13
E5,2.265538172296432,0.6359254788486696,5.917772471549e-13
E5,2.0183210273838132,0.590773255098768,3.729356858523522e-12
E5,2.3004489973544286,0.6298664049039843,7.574980739545092e-13
E5,2.5679830269666635,0.6417737767370234,4.663175085981604e-13
E5,1.9716730817563062,0.5755353055695318,6.945246653591708e-12
E5,2.3029294731212007,0.6560513238067164,2.6069346826083233e-13
E5,2.3132789622602172,0.6384346103075462,5.342703603461792e-13
E5,2.244930792472095,0.6266896297954868,8.621958188512922e-13
E5,2.497698314313117,0.6362601078030329,5.837636954920229e-13
E5,2.116215506494616,0.597686177830186,2.812955225959367e-12
E5,2.2650786906509204,0.6354343303290096,6.037388435667931e-13
E5,2.4420098511334754,0.6408310051478042,4.845755510986101e-13
E5,2.54055641323141,0.6460767943230109,3.913423646959291e-13
E5,2.0134282934702594,0.6111787639615512,1.6225523944295537e-12
E5,2.282773708057079,0.6539499013109231,2.8398521529470467e-13
E5,1.7431581517669898,0.5324265672626585,4.040501457793173e-11
E5,2.116742704487302,0.5918722426100292,3.5658432033565866e-12
E6,1.5293153782893412,0.5580477415291493,1.1277957492772255e-13
E6,1.348209760150145,0.5187824489732141,7.839626608078195e-13
E6,1.4765691519913884,0.5904294666217406,2.2830960698245743e-14
E6,1.4712263541119779,0.5363022148379418,3.2994843133056845e-13
E6,1.1458114028160888,0.5113648110918909,1.1310741144262873e-12
E6,1.4671834405868585,0.5560139555291342,1.246869699753069e-13
E6,1.2016611807080357,0.46478016341226874,1.133086419522836e-11
E6,1.2833028958943233,0.5274738696093756,5.102847290779267e-13
E6,1.3726754544151687,0.5599808801447933,1.0251783999714818e-13
E6,1.0152485704997294,0.41396049565657567,1.406829365471523e-10
E6,1.1050234704696307,0.48821274251422686,3.553396860360285e-12
E6,1.1229535805238042,0.5125201441457768,1.0682992048706115e-12
E6,1.1957127100320355,0.4902442269964556,3.2136906833386646e-12
E6,1.1483521551551683,0.4909733240531893,3.099864255081487e-12
E6,1.2227636970584876,0.5489624108982075,1.765952062261166e-13
E6,1.0542831501688328,0.43297335930528086,5.478420686106851e-11
E6,1.16516391460583,0.4378746024276453,4.296658510384122e-11
E6,1.425324116759643,0.5997220588379689,1.4439872437736692e-14
E6,0.952801932029594,0.432641522954893,5.569301697014414e-11
E6,1.0873182406328346,0.44528323414675475,2.976233957164831e-11
E6,1.3925941784875475,0.5959111766026438,1.7424132862181737e-14
E6,1.4529255343377954,0.5442637273974467,2.2269905712558152e-13
E6,1.3585036536192212,0.6231676857039701,4.547614724040012e-15
E6,0.7249437467046489,0.29186082176942324,6.166067941279585e-08
E6,1.0045964273032286,0.3982546551965146,3.0682170120066647e-10
E6,1.1266003503446866,0.46145837304584314,1.335655177767062e-11
E6,1.1745920236515999,0.50315475353335,1.6972318773594134e-12
E6,1.2398019645759981,0.5002373981273847,1.96056889160468e-12
E6,1.0435617644973123,0.4438646082481869,3.1929895259550145e-11
E6,1.4726498412855293,0.6605239859396245,7.225386864029423e-16
E6,1.185148724546005,0.5310251405109921,4.281854933245677e-13
E6,1.2792362823775099,0.5952769188361392,1.7977565709738317e-14
E6,0.9631533554383043,0.4399924183179296,3.86848891649328e-11
E6,1.1282120013974999,0.49827603819686034,2.1602289066318916e-12
E6,1.2439797062487832,0.6164543057456695,6.330424818295043e-15
E6,1.0971221648449145,0.5167094792785125,8.685222321936345e-13
E6,1.1613998808425956,0.4384954186001818,4.16645106061004e-11
E6,1.055560473260854,0.42254576205944777,9.188511036270341e-11
E6,1.3377423676998186,0.5725941572401524,5.502099993955902e-14
E6,1.5145522055746012,0.6118993768535581,7.923371653505096e-15
E6,1.338731569561652,0.6244742052863578,4.264127337285457e-15
E6,1.1023779281813681,0.45634255674706464,1.720773338345616e-11
E6,1.2291745653731838,0.5290705656614637,4.715847147780535e-13
E6,0.8007639029006663,0.32052319984749383,1.4713617535858088e-08
E6,1.3974229657842827,0.6001685602100746,1.4125526913749031e-14
E6,0.8094753831472723,0.34184563134602036,5.078712014425171e-09
E6,0.9626818538124101,0.3425203643099568,4.9107429617807626e-09
E6,0.9915096122825519,0.4175670832067783,1.1762957232214078e-10
E6,1.3758378005417935,0.5797601357565829,3.863867311552444e-14
E6,1.288125761163454,0.49775008717269054,2.2171465487488725e-12
E6,1.170986292143103,0.4827386591842256,4.658571800373144e-12
E6,1.3110092730329634,0.5795734778290524,3.899602315181927e-14
E6,1.000329774283691,0.4523319765357219,2.0989338828463398e-11
E6,1.0784573200545202,0.4481234407835671,2.5855232405456063e-11
E6,1.2458226806039407,0.5222370811547209,6.609467533527901e-13
E6,0.7362757807700814,0.2788475252770803,1.183305141930316e-07
E6,1.1547752366543238,0.4314975530339831,5.89433049551825e-11
E6,1.302665834414588,0.512544361439943,1.0670213611865568e-12
E6,1.1275478485010708,0.43035678874547934,6.237355916566384e-11
E6,1.702886098997486,0.6680747203798835,4.982605729982875e-16
E6,0.8879895311885395,0.4114927438442139,1.5901268489560768e-10
E6,1.2113989433800592,0.5666194633809792,7.388207599323171e-14
E6,1.097455174992395,0.5181602063885243,8.084408804729667e-13
E6,1.219292207625387,0.4574488802753821,1.629022922908522e-11
E6,1.5378724301220732,0.6109027001387225,8.322249548798618e-15
E6,1.066318805457152,0.44418940361080567,3.1420085324004045e-11
E6,1.4097314238391911,0.5156369921231783,9.15793487096584e-13
E6,1.1306416487919004,0.5054292445746542,1.516729890669721e-12
E6,0.9831717260156679,0.5070028128128063,1.4032217417163088e-12
E6,0.8723890649799049,0.3248580328407512,1.1850581766918212e-08
E6,1.4831635203565772,0.6436837156311406,1.6555160313261283e-15
E6,0.8638052712426102,0.3304097743023416,8.983068605884257e-09
E6,1.337371285693906,0.5562853248587658,1.2302817930720577e-13
E6,1.0823794492993997,0.4418336735950924,3.531090892750666e-11
E6,1.175248207220118,0.5411438220624634,2.5978673856904964e-13
E6,1.093900338038378,0.44466941307123126,3.0681525495309714e-11
E6,1.320284460644355,0.5131921616217424,1.033401587439358e-12
E6,1.4140920740293255,0.5995891336468844,1.4534799316307474e-14
E6,1.1307897205266095,0.4901080022373582,3.2354172922166113e-12
E6,1.3261324591428232,0.631296786554537,3.0469993480855747e-15
E6,1.2743460993109876,0.5371328453076399,3.1668823786595485e-13
E6,1.1820586240631328,0.5537079606031061,1.3971697637257204e-13
E6,1.2928263945977467,0.5454547601833046,2.099816501003478e-13
E6,1.4260160488891989,0.5943726018896389,1.8797195445122515e-14
E6,1.1272981907362136,0.48546803065624783,4.070145887441529e-12
E6,1.0817663216654256,0.4690141856263118,9.188178553896655e-12
E6,1.3915684062925395,0.5968568184545661,1.6630489052366462e-14
E6,0.8578888955267829,0.3221752414103865,1.354874489613153e-08
E6,1.4178592525064269,0.5795573701302383,3.9027015332823224e-14
E6,1.3616638665868832,0.5051973073958276,1.5342202718661467e-12
E6,1.2039391486801256,0.47020660048176194,8.661532682208386e-12
E6,1.1830178273296617,0.5524893070978809,1.4837882017883394e-13
E6,1.1849583938358137,0.6086544951658472,9.297332677436279e-15
E6,1.1889207946305338,0.49137493198993515,3.0388978623858425e-12
E6,1.0140955555124334,0.43711972142403155,4.460483886247526e-11
E6,1.4837013571562991,0.6596156079747262,7.555798068674346e-16
E6,1.2837937372632668,0.5220448516439327,6.672538321858609e-13
E6,0.9973443524071802,0.6817226680581081,2.5455521437314777e-16
E6,0.8203828356107457,0.3066270115111745,2.945918500720406e-08
E6,1.320404632387843,0.5395128223687959,2.815738271036312e-13
E7,1.1763879391418892,0.6699933818374703,2.015891205409313e-28
E7,1.0133056761724977,0.5380020707994336,3.456129275531049e-23
E7,0.40460394795869953,0.1821758171506429,5.585854691789307e-09
E7,0.7807220284590431,0.5378905770108607,3.4915299911454334e-23
E7,1.2038559391348556,0.598988082246947,1.3150737183691605e-25
E7,1.1878691124488807,0.6522754510099709,1.015140192662144e-27
E7,0.8981352219606007,0.4680779620388869,2.0708435909408823e-20
E7,0.8119487377428903,0.44072808767770905,2.5334974172368763e-19
E7,0.9422771307405895,0.5049530400872279,7.093943555689484e-22
E7,0.7197295547433223,0.38099287012991334,6.052823314880169e-17
E7,0.9953000410314348,0.5393038388084995,3.068430836264334e-23
E7,1.1843032981122636,0.6317271765166501,6.621048250747426e-27
E7,0.429874207266758,0.2220902042280201,1.3754021776525693e-10
E7,0.9181879400643297,0.5397821351426509,2.9371807995226236e-23
E7,0.8075015144457582,0.34363687947772603,1.869119837240117e-15
E7,1.0073883001725092,0.6327646120530096,6.0228825579659354e-27
E7,0.9081292188947727,0.5724141726824553,1.489323451189513e-24
E7,0.9111906800846211,0.44124114259564423,2.4171958994301235e-19
E7,0.5879489696830568,0.4072488263475939,5.4463030034884186e-18
E7,0.7922227883433121,0.3794619006579619,6.96577456229471e-17
E7,0.4965887846581015,0.23442370158692113,4.3924481786785807e-11
E7,1.2765296210348585,0.6791502767677919,8.743586997935216e-29
E7,0.7794253611939741,0.5744066597043186,1.2414902076692884e-24
E7,1.047873712548176,0.6132946126237571,3.561721167277535e-26
E7,0.7814104591784055,0.37245367359032566,1.3252556745453715e-16
E7,1.0514800520019827,0.6497820642088082,1.2744903661805774e-27
E7,0.9288209218132206,0.6075293611425643,6.029106575522433e-26
E7,0.9164170951111064,0.5193898531724285,1.8946772517228893e-22
E7,1.1877756672497186,0.597040010791394,1.5711043606951106e-25
E7,0.6734689904693882,0.39572485104117183,1.5668524772990823e-17
E7,0.9205013381408124,0.54053035221013,2.743032916050662e-23
E7,1.0482536931759283,0.5273568025314623,9.145323116310379e-23
E7,1.0759191938115296,0.5741899181073579,1.2663149304831144e-24
E7,0.8701138060747351,0.42240735297059356,1.3573080469518442e-18
E7,0.6760441140972155,0.3986501059204101,1.1981692020731407e-17
E7,1.0416197710240804,0.49115551313252487,2.50614932423469e-21
E7,0.5333423160930569,0.3746004875183363,1.0882425119684704e-16
E7,0.5292275899966313,0.3235681627335134,1.1827051424418712e-14
E7,0.5515447742976354,0.2804213761394393,6.283587096420516e-13
E7,0.9166302613254774,0.5992241097170972,1.287034157545718e-25
E7,0.5745622653430082,0.3000663774796273,1.0283810270587772e-13
E7,0.8551989202377661,0.4186441621720133,1.916270352303622e-18
E7,0.4953738756625561,0.3163089297726566,2.3061223716675316e-14
E7,0.7947409890725249,0.4182822651703576,1.9808950103451736e-18
E7,0.9492471128328779,0.4429052331185892,2.075479752988123e-19
E7,1.2529404973971114,0.6025990391901568,9.457048921743828e-26
E7,0.9885050439700274,0.5508090995721657,1.0721773010348774e-23
E7,1.0820743195173894,0.5787674347481283,8.335884815567917e-25
E7,1.10764510733625,0.7097239161173343,5.378880804420365e-30
E7,1.1776693374083056,0.5777522537960144,9.145823227642623e-25
E7,0.7711618938269883,0.47607487376163604,9.960545665456057e-21
E7,1.189752741452253,0.5963514946018401,1.6730546909994044e-25
E7,0.44341007045248493,0.24970469208010715,1.0696520711824323e-11
E7,1.1860164339181114,0.6561788151535176,7.109605361394533e-28
E7,0.5853770787236703,0.4350529434795098,4.260771968933402e-19
E7,0.9774867131044593,0.5894626559331541,3.138500485926667e-25
E7,1.0223968150740532,0.6148840137145736,3.0806556391004127e-26
E7,0.6239170008815417,0.4002424374628994,1.0353847007845399e-17
E7,0.6471079757838383,0.34951434433202966,1.089211529388743e-15
E7,0.9581921625623427,0.6244014036578364,1.2921863076444117e-26
E7,0.513094731973168,0.2675957360760962,2.0507238200229053e-12
E7,1.077952172504039,0.5179701643283087,2.157299781582201e-22
E7,0.6228526791246712,0.3871748543850233,3.4326482494056426e-17
E7,0.4793924005940936,0.22847905851474604,7.613278322939071e-11
E7,0.7013879550771278,0.28520757080786263,4.042170863967016e-13
E7,0.8301826578502906,0.3562083007184008,5.889462815174501e-16
E7,0.8301109397176092,0.40253119874475507,8.393726072411727e-18
E7,0.5955426353470746,0.3526526016239163,8.164157536929931e-16
E7,1.0334053582767124,0.5108130129352338,4.150893272740469e-22
E7,0.49216903809657664,0.23243666862760232,5.2787948847506305e-11
E7,1.3194545856147653,0.684847422904075,5.199953039070871e-29
E7,0.7235890688275199,0.2991922116577134,1.1145852703909502e-13
E7,1.010620826767637,0.5396079012384886,2.984329431777198e-23
E7,0.32214972518484225,0.21194902371921834,3.5194306187687783e-10
E7,0.9027973144321476,0.45329019148276584,8.018527124027399e-20
E7,0.6030853669852757,0.22105889183867106,1.5132377441388134e-10
E7,1.4378478486732824,0.6625522388983691,3.974645440179882e-28
E7,1.1559879103300124,0.6889282696373127,3.583827556660485e-29
E7,0.8687556566052392,0.5174968775344634,2.2527078041461287e-22
E7,1.22562796063316,0.6345526384643053,5.116006222250687e-27
E7,0.8968524271991608,0.4684950313478013,1.9932787064682967e-20
E7,1.2501815964994814,0.6097451591562478,4.924862128593067e-26
E7,0.8262485115759195,0.4215978919190175,1.461821472634451e-18
E7,0.8446348916686447,0.5965412361156599,1.6443162973868168e-25
E7,0.7510841913079574,0.35783828389105105,5.0706406184279e-16
E7,0.5373673444868304,0.3112799291902825,3.6631199625380725e-14
E7,0.6874255398052922,0.4252655037704336,1.044557072200574e-18
E7,0.5117506663112457,0.4684915018033693,1.9939227683971263e-20
E7,0.9082338693067155,0.5098240856290918,4.543785704770878e-22
E7,0.43786483502525364,0.33581032617391904,3.8373003961490384e-15
E7,0.7419065484342942,0.5171159559688635,2.3325528905585294e-22
E7,0.6653790248760724,0.3174461027652858,2.077043666145667e-14
E7,0.7239562796834733,0.31628360050993937,2.3115028339155697e-14
E7,0.7904892143015047,0.3586208203919543,4.719025940139078e-16
E7,0.9683625266522907,0.49240535404904795,2.2353698826974504e-21
E7,0.8798878314280507,0.4724305788448763,1.3903709051981002e-20
E7,0.972548397325498,0.5785416013792358,8.50962081395148e-25
E7,0.8881776830471377,0.46831809933211654,2.025822452671293e-20
E7,0.5660709516777225,0.2448328575806662,1.6778099538834828e-11
E7,0.8634341797998324,0.4310638039478389,6.140506978354732e-19
