desc,es,stat,pval
successful,0.8439122674503391,0.0,0.31731050786291115
successful,0.5245766877978075,0.0,0.31731050786291115
successful,0.7193957521404435,0.0,0.31731050786291115
successful,0.8341548515973959,0.0,0.31731050786291115
successful,0.7138747525602018,0.0,0.31731050786291115
successful,0.8287562437902405,0.0,0.31731050786291115
successful,0.3511025198400487,0.0,0.31731050786291115
successful,0.6454852456665088,0.0,0.31731050786291115
successful,0.6955247115469381,0.0,0.31731050786291115
successful,0.8448120401231372,0.0,0.31731050786291115
successful,0.6151572617747826,0.0,0.31731050786291115
successful,0.793055459517474,0.0,0.31731050786291115
successful,0.5822497683455821,0.0,0.31731050786291115
successful,0.5851478373761831,0.0,0.31731050786291115
successful,0.6736696734845391,0.0,0.31731050786291115
successful,0.6322244489891043,0.0,0.31731050786291115
successful,0.8801995079857156,0.0,0.31731050786291115
successful,0.7667471046507028,0.0,0.31731050786291115
successful,0.948330675109477,0.0,0.31731050786291115
successful,0.9712771545411788,0.0,0.31731050786291115
successful,0.8712243035676341,0.0,0.31731050786291115
successful,0.45862769207850246,0.0,0.31731050786291115
successful,0.5982835618718524,0.0,0.31731050786291115
successful,0.509385556337059,0.0,0.31731050786291115
successful,0.8137813000045513,0.0,0.31731050786291115
successful,0.8632954043553217,0.0,0.31731050786291115
successful,0.9037360291225861,0.0,0.31731050786291115
successful,0.3705054314241941,0.0,0.31731050786291115
successful,0.8265659832612648,0.0,0.31731050786291115
successful,0.7774162958278101,0.0,0.31731050786291115
successful,0.8696010440394195,0.0,0.31731050786291115
successful,0.875785018232065,0.0,0.31731050786291115
successful,0.6500240531304076,0.0,0.31731050786291115
successful,1.0484177734961233,0.0,0.31731050786291115
successful,0.5608730612703129,0.0,0.31731050786291115
successful,0.7199438453850615,0.0,0.31731050786291115
successful,0.6653400963450958,0.0,0.31731050786291115
successful,0.7148154111167303,0.0,0.31731050786291115
successful,0.7554315407490463,0.0,0.31731050786291115
successful,0.9417370333457941,0.0,0.31731050786291115
successful,0.6361637881712655,0.0,0.31731050786291115
successful,0.7186401788734061,0.0,0.31731050786291115
successful,0.8401461991647236,0.0,0.31731050786291115
successful,0.9925075000904193,0.0,0.31731050786291115
successful,0.7039189032776965,0.0,0.31731050786291115
successful,0.8215926810168925,0.0,0.31731050786291115
successful,0.8613221068745073,0.0,0.31731050786291115
successful,0.92508602751566,0.0,0.31731050786291115
successful,0.5497044112241264,0.0,0.31731050786291115
successful,0.7551665409256989,0.0,0.31731050786291115
successful,0.9634816998458132,0.0,0.31731050786291115
successful,0.45783527329591006,0.0,0.31731050786291115
successful,0.6754745243104717,0.0,0.31731050786291115
successful,0.7847019927711957,0.0,0.31731050786291115
successful,0.5999247022104133,0.0,0.31731050786291115
successful,0.8531002964697461,0.0,0.31731050786291115
successful,0.6392370361108229,0.0,0.31731050786291115
successful,0.6079739839222489,0.0,0.31731050786291115
successful,0.6039233485311981,0.0,0.31731050786291115
successful,0.9045674764611612,0.0,0.31731050786291115
successful,0.7384754621886597,0.0,0.31731050786291115
successful,0.2657155980683707,0.0,0.31731050786291115
successful,0.5265185200741009,0.0,0.31731050786291115
successful,1.0108180984998318,0.0,0.31731050786291115
successful,0.7983668384850151,0.0,0.31731050786291115
successful,0.5562517537775185,0.0,0.31731050786291115
successful,0.8911762164668704,0.0,0.31731050786291115
successful,0.7240905341973791,0.0,0.31731050786291115
successful,0.6100351816676391,0.0,0.31731050786291115
successful,0.7832267652442836,0.0,0.31731050786291115
successful,0.8213980181729041,0.0,0.31731050786291115
successful,0.9802205757799883,0.0,0.31731050786291115
successful,0.9282616391747024,0.0,0.31731050786291115
successful,0.735632361041044,0.0,0.31731050786291115
successful,0.5527357685098042,0.0,0.31731050786291115
successful,0.6883218691447675,0.0,0.31731050786291115
successful,0.9499883975883223,0.0,0.31731050786291115
successful,0.7863792981237087,0.0,0.31731050786291115
successful,0.8476715743889401,0.0,0.31731050786291115
successful,0.9417092792024341,0.0,0.31731050786291115
successful,1.0355173621710905,0.0,0.31731050786291115
successful,0.5914974156091429,0.0,0.31731050786291115
successful,0.4711706420761332,0.0,0.31731050786291115
successful,0.7600316760089736,0.0,0.31731050786291115
successful,0.6886448654860591,0.0,0.31731050786291115
successful,0.9548193242537752,0.0,0.31731050786291115
successful,0.6227913410856474,0.0,0.31731050786291115
successful,0.9718913311604939,0.0,0.31731050786291115
successful,0.6086514294014868,0.0,0.31731050786291115
successful,0.527351992199001,0.0,0.31731050786291115
successful,0.8153613633461174,0.0,0.31731050786291115
successful,0.8773317668729192,0.0,0.31731050786291115
successful,0.8153630340790367,0.0,0.31731050786291115
successful,0.8523213892880236,0.0,0.31731050786291115
successful,0.6821628755797174,0.0,0.31731050786291115
successful,0.8576042433885891,0.0,0.31731050786291115
successful,0.6964520509366643,0.0,0.31731050786291115
successful,0.7397367874282789,0.0,0.31731050786291115
successful,0.9104395649000683,0.0,0.31731050786291115
successful,0.8063337617451549,0.0,0.31731050786291115
successful,0.7645275685185058,0.0,0.31731050786291115
successful,0.7698280721599856,0.0,0.31731050786291115
successful,0.640053158763008,0.0,0.31731050786291115
successful,0.7567416983529922,0.0,0.31731050786291115
successful,0.9514375777437142,0.0,0.31731050786291115
successful,0.6501406432336218,0.0,0.31731050786291115
successful,1.0058347888362247,0.0,0.31731050786291115
successful,0.7744968430469599,0.0,0.31731050786291115
successful,0.7574195268020031,0.0,0.31731050786291115
successful,0.6837719516375416,0.0,0.31731050786291115
successful,0.7831945832189054,0.0,0.31731050786291115
successful,0.8857869953814143,0.0,0.31731050786291115
successful,0.6180880099505869,0.0,0.31731050786291115
successful,0.9566292249274769,0.0,0.31731050786291115
successful,0.8458795231137046,0.0,0.31731050786291115
successful,0.8613106324861775,0.0,0.31731050786291115
successful,0.8790139508362356,0.0,0.31731050786291115
successful,0.8774889041512625,0.0,0.31731050786291115
successful,0.7029337671332933,0.0,0.31731050786291115
successful,0.7259368068565376,0.0,0.31731050786291115
successful,0.7097839696147794,0.0,0.31731050786291115
successful,0.5334107383871622,0.0,0.31731050786291115
successful,0.7807023722102184,0.0,0.31731050786291115
successful,0.6674987133641929,0.0,0.31731050786291115
successful,0.8118590795604953,0.0,0.31731050786291115
successful,0.7784819736216465,0.0,0.31731050786291115
successful,0.7831178652312997,0.0,0.31731050786291115
successful,0.9952215549490905,0.0,0.31731050786291115
successful,0.7953251367011496,0.0,0.31731050786291115
successful,0.9477157205137402,0.0,0.31731050786291115
successful,0.8043598939464411,0.0,0.31731050786291115
successful,0.883692752995192,0.0,0.31731050786291115
successful,0.6067668989476667,0.0,0.31731050786291115
successful,0.7545106198190441,0.0,0.31731050786291115
successful,0.7458910237946034,0.0,0.31731050786291115
successful,0.6304298546729572,0.0,0.31731050786291115
successful,0.8074185869537358,0.0,0.31731050786291115
successful,0.766670126661524,0.0,0.31731050786291115
successful,0.6735039953416935,0.0,0.31731050786291115
successful,0.44107441727117364,0.0,0.31731050786291115
successful,0.9764772974772161,0.0,0.31731050786291115
successful,0.7385987236147599,0.0,0.31731050786291115
successful,0.7670607023346351,0.0,0.31731050786291115
successful,0.7094163468572634,0.0,0.31731050786291115
successful,0.7307121818843164,0.0,0.31731050786291115
successful,0.4914254915064361,0.0,0.31731050786291115
successful,0.6396974989907372,0.0,0.31731050786291115
successful,0.9956778728510711,0.0,0.31731050786291115
successful,0.7003225441708743,0.0,0.31731050786291115
successful,0.6071901590403571,0.0,0.31731050786291115
successful,1.197416482471867,0.0,0.31731050786291115
successful,0.7029627356545222,0.0,0.31731050786291115
successful,0.391945009308551,0.0,0.31731050786291115
successful,0.45216526863335593,0.0,0.31731050786291115
successful,0.7172092028607903,0.0,0.31731050786291115
successful,0.9367501135831997,0.0,0.31731050786291115
successful,0.8982309949833186,0.0,0.31731050786291115
successful,0.6129531939604334,0.0,0.31731050786291115
successful,0.6615774488633661,0.0,0.31731050786291115
successful,0.85168733795685,0.0,0.31731050786291115
successful,0.6881395203458539,0.0,0.31731050786291115
successful,1.0300444890202478,0.0,0.31731050786291115
successful,0.7811055895173291,0.0,0.31731050786291115
successful,0.9895181193156528,0.0,0.31731050786291115
successful,0.8822045885465722,0.0,0.31731050786291115
successful,0.4940501712210772,0.0,0.31731050786291115
successful,0.5990866913493024,0.0,0.31731050786291115
successful,0.6422552536877404,0.0,0.31731050786291115
successful,0.8343500219908998,0.0,0.31731050786291115
successful,0.8611164683191882,0.0,0.31731050786291115
successful,0.7523959207825961,0.0,0.31731050786291115
successful,0.6279786476997534,0.0,0.31731050786291115
successful,0.8883416267696805,0.0,0.31731050786291115
successful,0.6756750318958071,0.0,0.31731050786291115
successful,0.46419514030963555,0.0,0.31731050786291115
successful,0.9160728176449903,0.0,0.31731050786291115
successful,0.9959578559016107,0.0,0.31731050786291115
successful,0.6137312557859367,0.0,0.31731050786291115
successful,0.5073509799506403,0.0,0.31731050786291115
successful,0.7551607652039435,0.0,0.31731050786291115
successful,0.6629713423775603,0.0,0.31731050786291115
successful,0.7067089732516622,0.0,0.31731050786291115
successful,0.8965812419684981,0.0,0.31731050786291115
successful,1.0319869352121038,0.0,0.31731050786291115
successful,0.8907624373957267,0.0,0.31731050786291115
successful,0.6339788814081635,0.0,0.31731050786291115
successful,0.6345162904718201,0.0,0.31731050786291115
successful,0.4082519899524568,0.0,0.31731050786291115
successful,0.8889015377054242,0.0,0.31731050786291115
successful,0.9906437339736907,0.0,0.31731050786291115
successful,0.7643627436284084,0.0,0.31731050786291115
successful,0.8606394867721625,0.0,0.31731050786291115
successful,0.9689279553536597,0.0,0.31731050786291115
successful,0.896272900274284,0.0,0.31731050786291115
successful,0.7383220386013671,0.0,0.31731050786291115
successful,0.6683004265056304,0.0,0.31731050786291115
successful,0.6430589711418487,0.0,0.31731050786291115
successful,0.7103737727449307,0.0,0.31731050786291115
successful,1.018682729481688,0.0,0.31731050786291115
successful,0.4299698951987179,0.0,0.31731050786291115
successful,0.8480230093816702,0.0,0.31731050786291115
successful,0.8730241667997319,0.0,0.31731050786291115
successful,0.9175386214198831,0.0,0.31731050786291115
successful,0.6099942958690836,0.0,0.31731050786291115
successful,0.6925830230033166,0.0,0.31731050786291115
successful,0.8083438221784934,0.0,0.31731050786291115
successful,0.8844949057880538,0.0,0.31731050786291115
successful,0.775260875509414,0.0,0.31731050786291115
successful,1.1400709728996543,0.0,0.31731050786291115
successful,1.0129771228708497,0.0,0.31731050786291115
successful,0.6474503033855284,0.0,0.31731050786291115
successful,0.29172493443936065,0.0,0.31731050786291115
successful,1.008135865813956,0.0,0.31731050786291115
successful,0.9081260428417632,0.0,0.31731050786291115
successful,0.8010202975805448,0.0,0.31731050786291115
successful,0.7140054785386792,0.0,0.31731050786291115
successful,0.7920411476382203,0.0,0.31731050786291115
successful,0.712302435189648,0.0,0.31731050786291115
successful,1.0329863137950808,0.0,0.31731050786291115
successful,0.8670153642423315,0.0,0.31731050786291115
successful,0.8606394867721625,0.0,0.31731050786291115
successful,0.5834822872924295,0.0,0.31731050786291115
successful,0.9172800608165456,0.0,0.31731050786291115
successful,0.748365334128091,0.0,0.31731050786291115
successful,0.791165995096674,0.0,0.31731050786291115
successful,0.9152156934314818,0.0,0.31731050786291115
successful,0.6364340490410553,0.0,0.31731050786291115
successful,0.4905856338390171,0.0,0.31731050786291115
successful,0.8315258099611575,0.0,0.31731050786291115
successful,0.7320584741985758,0.0,0.31731050786291115
successful,1.0587853660626012,0.0,0.31731050786291115
successful,0.9888382458540307,0.0,0.31731050786291115
successful,0.9409201486469883,0.0,0.31731050786291115
successful,0.7068212792234773,0.0,0.31731050786291115
successful,0.8353441830301369,0.0,0.31731050786291115
successful,0.6617545011614305,0.0,0.31731050786291115
successful,0.8210379554425552,0.0,0.31731050786291115
successful,0.6017951542448485,0.0,0.31731050786291115
successful,0.8416997269768741,0.0,0.31731050786291115
successful,0.6464209629398785,0.0,0.31731050786291115
successful,0.8345360704071436,0.0,0.31731050786291115
successful,1.007429528771818,0.0,0.31731050786291115
successful,0.7786520381647872,0.0,0.31731050786291115
successful,0.7123138977305928,0.0,0.31731050786291115
successful,0.7926108887359351,0.0,0.31731050786291115
successful,0.6280124998158993,0.0,0.31731050786291115
successful,0.6828737129053367,0.0,0.31731050786291115
successful,0.5700053002285689,0.0,0.31731050786291115
successful,0.5903647128961325,0.0,0.31731050786291115
successful,0.7889065008748185,0.0,0.31731050786291115
successful,1.0882692384689658,0.0,0.31731050786291115
successful,0.6473272318224093,0.0,0.31731050786291115
successful,0.800966518960547,0.0,0.31731050786291115
successful,0.9898702915009734,0.0,0.31731050786291115
successful,0.9175891854851751,0.0,0.31731050786291115
successful,0.7839595563409302,0.0,0.31731050786291115
successful,0.6928686615508678,0.0,0.31731050786291115
successful,0.6973892550809571,0.0,0.31731050786291115
successful,0.6886678620946015,0.0,0.31731050786291115
successful,0.7535815069324994,0.0,0.31731050786291115
successful,0.8104844856776926,0.0,0.31731050786291115
successful,0.6468939847590303,0.0,0.31731050786291115
successful,0.6694158851670547,0.0,0.31731050786291115
successful,0.3801041137974702,0.0,0.31731050786291115
successful,0.6347784030560907,0.0,0.31731050786291115
successful,0.6903179061601338,0.0,0.31731050786291115
successful,0.8887274420179827,0.0,0.31731050786291115
successful,0.8428985315401836,0.0,0.31731050786291115
successful,0.657777324601076,0.0,0.31731050786291115
successful,0.9770161736315555,0.0,0.31731050786291115
successful,0.8475072356896156,0.0,0.31731050786291115
successful,0.6449937465547032,0.0,0.31731050786291115
successful,0.5299858641295905,0.0,0.31731050786291115
successful,0.8394574210813109,0.0,0.31731050786291115
successful,0.8012218878587636,0.0,0.31731050786291115
successful,0.924119265110183,0.0,0.31731050786291115
successful,0.7198344325978854,0.0,0.31731050786291115
successful,0.8557371732073459,0.0,0.31731050786291115
successful,0.695358689605689,0.0,0.31731050786291115
successful,0.6984932031682937,0.0,0.31731050786291115
successful,0.4174577292223659,0.0,0.31731050786291115
successful,0.9861201628466276,0.0,0.31731050786291115
successful,0.8450252355123411,0.0,0.31731050786291115
successful,0.4584740543000362,0.0,0.31731050786291115
successful,0.860489397546494,0.0,0.31731050786291115
successful,0.643170238117341,0.0,0.31731050786291115
successful,0.8288960085720267,0.0,0.31731050786291115
successful,0.4683522513255409,0.0,0.31731050786291115
successful,0.7228335027512074,0.0,0.31731050786291115
successful,0.6043582577250731,0.0,0.31731050786291115
successful,1.0032796508710702,0.0,0.31731050786291115
successful,0.8580603715099517,0.0,0.31731050786291115
successful,0.8279730710216234,0.0,0.31731050786291115
successful,0.6916192438097296,0.0,0.31731050786291115
successful,0.7882700002763208,0.0,0.31731050786291115
successful,0.7779114696921023,0.0,0.31731050786291115
successful,0.9617126604365632,0.0,0.31731050786291115
successful,0.7201101563204606,0.0,0.31731050786291115
successful,0.7335865654533036,0.0,0.31731050786291115
successful,0.5287706465091422,0.0,0.31731050786291115
successful,0.8271008991611288,0.0,0.31731050786291115
successful,0.4863408537387289,0.0,0.31731050786291115
successful,0.6734260210088284,0.0,0.31731050786291115
successful,0.9066783410775617,0.0,0.31731050786291115
successful,0.9237732216827803,0.0,0.31731050786291115
successful,0.9055962877292566,0.0,0.31731050786291115
successful,0.6755882094258567,0.0,0.31731050786291115
successful,0.7759052939657454,0.0,0.31731050786291115
successful,0.7215254148801816,0.0,0.31731050786291115
successful,0.7015631075334645,0.0,0.31731050786291115
successful,0.5031135043777838,0.0,0.31731050786291115
successful,0.9449814501490451,0.0,0.31731050786291115
successful,0.8716480652053111,0.0,0.31731050786291115
successful,0.8051693548815376,0.0,0.31731050786291115
successful,1.0075357078768168,0.0,0.31731050786291115
successful,0.5705394465500877,0.0,0.31731050786291115
successful,0.587215423178734,0.0,0.31731050786291115
successful,0.6923167990972002,0.0,0.31731050786291115
successful,0.896543868602371,0.0,0.31731050786291115
successful,0.5841672905099794,0.0,0.31731050786291115
successful,0.9052384620654984,0.0,0.31731050786291115
successful,0.7881816865364156,0.0,0.31731050786291115
successful,0.4601920518288488,0.0,0.31731050786291115
successful,0.7050196009228357,0.0,0.31731050786291115
successful,0.6743115124254992,0.0,0.31731050786291115
successful,0.691448831385611,0.0,0.31731050786291115
successful,0.84849784835157,0.0,0.31731050786291115
successful,0.7582569949587028,0.0,0.31731050786291115
successful,0.5379013820421202,0.0,0.31731050786291115
successful,0.9917309873121514,0.0,0.31731050786291115
successful,0.849675433346857,0.0,0.31731050786291115
successful,0.8769173145182795,0.0,0.31731050786291115
successful,0.9350544060212753,0.0,0.31731050786291115
successful,0.5729984430384026,0.0,0.31731050786291115
successful,0.9628520367144421,0.0,0.31731050786291115
successful,0.391945009308551,0.0,0.31731050786291115
successful,0.7086113144616026,0.0,0.31731050786291115
successful,1.0223340598512767,0.0,0.31731050786291115
successful,1.060872565379154,0.0,0.31731050786291115
successful,0.9356804006874175,0.0,0.31731050786291115
successful,0.7371626392399483,0.0,0.31731050786291115
successful,1.005272962909626,0.0,0.31731050786291115
successful,0.6110468863390534,0.0,0.31731050786291115
successful,0.9738491572245584,0.0,0.31731050786291115
successful,0.7248568876700069,0.0,0.31731050786291115
successful,0.8775149551718538,0.0,0.31731050786291115
successful,0.38648907598711996,0.0,0.31731050786291115
successful,0.5619641763979567,0.0,0.31731050786291115
successful,0.9707009635427043,0.0,0.31731050786291115
successful,0.4455456609507788,0.0,0.31731050786291115
successful,0.6396700470350749,0.0,0.31731050786291115
successful,0.819610262312738,0.0,0.31731050786291115
successful,0.861392985539387,0.0,0.31731050786291115
successful,0.8674613648563843,0.0,0.31731050786291115
successful,0.8505426782809703,0.0,0.31731050786291115
successful,0.8416660495303228,0.0,0.31731050786291115
successful,0.38680131505853915,0.0,0.31731050786291115
successful,0.7166763932929586,0.0,0.31731050786291115
successful,0.8609800701715375,0.0,0.31731050786291115
successful,0.752976746099573,0.0,0.31731050786291115
successful,0.8082654286130451,0.0,0.31731050786291115
successful,0.9265107223708352,0.0,0.31731050786291115
successful,0.7892552933860019,0.0,0.31731050786291115
successful,0.7551310039893065,0.0,0.31731050786291115
successful,0.9270915503418388,0.0,0.31731050786291115
successful,0.8053662911115048,0.0,0.31731050786291115
successful,0.9792734285450085,0.0,0.31731050786291115
successful,0.5569178999363692,0.0,0.31731050786291115
successful,0.5116928751032177,0.0,0.31731050786291115
successful,0.9198337985508455,0.0,0.31731050786291115
successful,0.8244614894117708,0.0,0.31731050786291115
successful,0.7305726925490672,0.0,0.31731050786291115
successful,0.6694999449779057,0.0,0.31731050786291115
successful,0.9376159513647129,0.0,0.31731050786291115
successful,0.9093666653939363,0.0,0.31731050786291115
successful,0.4813137464302469,0.0,0.31731050786291115
successful,0.5887973400420133,0.0,0.31731050786291115
successful,0.8397980984122354,0.0,0.31731050786291115
successful,0.8248203653296498,0.0,0.31731050786291115
successful,0.7448579898894285,0.0,0.31731050786291115
successful,0.6716016281627849,0.0,0.31731050786291115
successful,0.8617768578514959,0.0,0.31731050786291115
successful,0.8769173145182795,0.0,0.31731050786291115
successful,0.4569715744101051,0.0,0.31731050786291115
successful,0.8048474391534074,0.0,0.31731050786291115
successful,0.7002251163291096,0.0,0.31731050786291115
successful,0.8198704325895997,0.0,0.31731050786291115
successful,0.7480820123420785,0.0,0.31731050786291115
successful,0.5726193062237609,0.0,0.31731050786291115
successful,0.9669623514315768,0.0,0.31731050786291115
successful,0.785943369824586,0.0,0.31731050786291115
successful,0.754263216991905,0.0,0.31731050786291115
successful,0.524935326307608,0.0,0.31731050786291115
successful,0.8060202248451325,0.0,0.31731050786291115
successful,0.7935625962214614,0.0,0.31731050786291115
successful,0.7786682447940168,0.0,0.31731050786291115
successful,0.7549544533189835,0.0,0.31731050786291115
successful,0.5058156588988377,0.0,0.31731050786291115
successful,0.8350147914385657,0.0,0.31731050786291115
successful,0.4015507746211299,0.0,0.31731050786291115
successful,0.781828871723594,0.0,0.31731050786291115
successful,0.7729894800162498,0.0,0.31731050786291115
successful,0.8764012291448071,0.0,0.31731050786291115
successful,0.9653347212432299,0.0,0.31731050786291115
successful,0.6674987680908667,0.0,0.31731050786291115
successful,0.973663852869736,0.0,0.31731050786291115
successful,0.8294150213275445,0.0,0.31731050786291115
successful,1.08352807056333,0.0,0.31731050786291115
successful,0.8412423169508046,0.0,0.31731050786291115
successful,0.853243588607715,0.0,0.31731050786291115
successful,0.613071868624637,0.0,0.31731050786291115
successful,0.8469726183161507,0.0,0.31731050786291115
successful,0.7783142274374857,0.0,0.31731050786291115
successful,0.9468148357013481,0.0,0.31731050786291115
successful,0.8309903416219102,0.0,0.31731050786291115
successful,0.66512202837777,0.0,0.31731050786291115
successful,0.7300302623652306,0.0,0.31731050786291115
successful,0.8629733025859311,0.0,0.31731050786291115
successful,0.9764869951157101,0.0,0.31731050786291115
successful,0.40138209436217354,0.0,0.31731050786291115
successful,1.1415587035108528,0.0,0.31731050786291115
successful,0.8254255894288631,0.0,0.31731050786291115
successful,0.7959797465843863,0.0,0.31731050786291115
successful,0.6237585533722921,0.0,0.31731050786291115
successful,0.7972028322664518,0.0,0.31731050786291115
successful,0.44152494587059504,0.0,0.31731050786291115
successful,0.7066766313639552,0.0,0.31731050786291115
successful,0.7243412916763514,0.0,0.31731050786291115
successful,0.8728464698976163,0.0,0.31731050786291115
successful,0.9583396817248481,0.0,0.31731050786291115
successful,0.4436155181698183,0.0,0.31731050786291115
successful,0.8716603062016746,0.0,0.31731050786291115
successful,0.9040431096692895,0.0,0.31731050786291115
successful,0.904922847637011,0.0,0.31731050786291115
successful,0.8853406176053398,0.0,0.31731050786291115
successful,0.7667471046507028,0.0,0.31731050786291115
successful,0.5866637003999547,0.0,0.31731050786291115
successful,0.4620260908276345,0.0,0.31731050786291115
successful,0.799232307496811,0.0,0.31731050786291115
successful,0.6750662306574744,0.0,0.31731050786291115
successful,0.670400581982203,0.0,0.31731050786291115
successful,0.8626409460470678,0.0,0.31731050786291115
successful,0.9832587922640408,0.0,0.31731050786291115
successful,0.8991137112802216,0.0,0.31731050786291115
successful,0.9411791614321822,0.0,0.31731050786291115
successful,0.9125146216392601,0.0,0.31731050786291115
successful,0.8709004039451547,0.0,0.31731050786291115
successful,0.3606488073715381,0.0,0.31731050786291115
successful,0.6717860693518736,0.0,0.31731050786291115
successful,0.5682981737728809,0.0,0.31731050786291115
successful,0.5297102191310722,0.0,0.31731050786291115
successful,0.9248792512461423,0.0,0.31731050786291115
successful,0.6636453575709086,0.0,0.31731050786291115
successful,1.0761845660980243,0.0,0.31731050786291115
successful,0.7247379607149016,0.0,0.31731050786291115
successful,0.7758596791462365,0.0,0.31731050786291115
successful,0.8648096895153163,0.0,0.31731050786291115
successful,0.9321524998334656,0.0,0.31731050786291115
successful,0.9327799373934027,0.0,0.31731050786291115
successful,1.0712506544183478,0.0,0.31731050786291115
successful,0.8978825335136854,0.0,0.31731050786291115
successful,0.6852233158445182,0.0,0.31731050786291115
successful,0.968281018715538,0.0,0.31731050786291115
successful,0.7797437916132698,0.0,0.31731050786291115
successful,0.6625394095647439,0.0,0.31731050786291115
successful,0.8199020437535968,0.0,0.31731050786291115
successful,0.9420534689067207,0.0,0.31731050786291115
successful,0.6186549980016931,0.0,0.31731050786291115
successful,0.43122866066052395,0.0,0.31731050786291115
successful,0.6440238174596373,0.0,0.31731050786291115
successful,0.7867893707608096,0.0,0.31731050786291115
successful,0.6065987569270427,0.0,0.31731050786291115
successful,0.8584018657262009,0.0,0.31731050786291115
successful,0.7105013358944201,0.0,0.31731050786291115
successful,0.7126527452483109,0.0,0.31731050786291115
successful,0.8422696616892331,0.0,0.31731050786291115
successful,0.7831424067424799,0.0,0.31731050786291115
successful,0.8362764788080641,0.0,0.31731050786291115
successful,0.9641568578517938,0.0,0.31731050786291115
successful,0.7608399269824412,0.0,0.31731050786291115
successful,0.7524262891740704,0.0,0.31731050786291115
successful,0.9197278116163082,0.0,0.31731050786291115
successful,0.6596539728204351,0.0,0.31731050786291115
successful,0.6250049966588902,0.0,0.31731050786291115
successful,0.5991724623086407,0.0,0.31731050786291115
successful,1.029141752168955,0.0,0.31731050786291115
successful,0.6907373936715246,0.0,0.31731050786291115
successful,0.7309042922412647,0.0,0.31731050786291115
successful,0.7148074814488279,0.0,0.31731050786291115
successful,0.6092698758820627,0.0,0.31731050786291115
successful,1.0785116158276566,0.0,0.31731050786291115
successful,0.7876365992624349,0.0,0.31731050786291115
successful,0.6459909795797147,0.0,0.31731050786291115
successful,0.6464718219461284,0.0,0.31731050786291115
successful,0.8712749194918494,0.0,0.31731050786291115
successful,0.7063619838374928,0.0,0.31731050786291115
successful,0.46605882799623266,0.0,0.31731050786291115
successful,0.5793731331803111,0.0,0.31731050786291115
successful,0.7288066648580908,0.0,0.31731050786291115
successful,0.50815580413454,0.0,0.31731050786291115
partial-fail,0.6945433574865857,0.0,0.31731050786291115
partial-fail,0.6378092600134218,0.0,0.31731050786291115
partial-fail,0.38517478323757826,0.0,0.31731050786291115
partial-fail,0.5956514272075292,0.0,0.31731050786291115
partial-fail,0.7076739630406748,0.0,0.31731050786291115
partial-fail,0.31487330649498974,0.0,0.31731050786291115
partial-fail,0.5399751835411037,0.0,0.31731050786291115
partial-fail,0.7671992041743221,0.0,0.31731050786291115
partial-fail,0.37968916234892763,0.0,0.31731050786291115
partial-fail,0.5186600878124973,0.0,0.31731050786291115
partial-fail,0.637866923804085,0.0,0.31731050786291115
partial-fail,0.7128963898950739,0.0,0.31731050786291115
partial-fail,0.6939132211857122,0.0,0.31731050786291115
partial-fail,0.597276476491296,0.0,0.31731050786291115
partial-fail,0.5277356274295303,0.0,0.31731050786291115
partial-fail,0.5655014567989156,0.0,0.31731050786291115
partial-fail,0.18540775666838555,0.0,0.31731050786291115
partial-fail,0.7024767757272112,0.0,0.31731050786291115
partial-fail,0.4620513097471744,0.0,0.31731050786291115
partial-fail,0.5736132606694156,0.0,0.31731050786291115
partial-fail,0.5545407642468873,0.0,0.31731050786291115
partial-fail,0.3762715616424945,0.0,0.31731050786291115
partial-fail,0.38862247725512006,0.0,0.31731050786291115
partial-fail,0.25055499772571166,0.0,0.31731050786291115
partial-fail,0.5804986139711086,0.0,0.31731050786291115
partial-fail,0.5479149632991773,0.0,0.31731050786291115
partial-fail,0.5263159242057317,0.0,0.31731050786291115
partial-fail,0.4871857382792712,0.0,0.31731050786291115
partial-fail,0.4089793759884231,0.0,0.31731050786291115
partial-fail,0.4396465604682068,0.0,0.31731050786291115
partial-fail,0.5714512378802723,0.0,0.31731050786291115
partial-fail,0.7924800260490453,0.0,0.31731050786291115
partial-fail,0.6745734525792496,0.0,0.31731050786291115
partial-fail,0.2714886867733742,0.0,0.31731050786291115
partial-fail,0.4918340209426438,0.0,0.31731050786291115
partial-fail,0.4347562802362108,0.0,0.31731050786291115
partial-fail,0.5183564247288058,0.0,0.31731050786291115
partial-fail,0.5433819765196165,0.0,0.31731050786291115
partial-fail,0.5628144399023391,0.0,0.31731050786291115
partial-fail,0.3933103253675889,0.0,0.31731050786291115
partial-fail,0.6293546388490945,0.0,0.31731050786291115
partial-fail,0.30757057264421506,0.0,0.31731050786291115
partial-fail,0.4761371176484181,0.0,0.31731050786291115
partial-fail,0.5728061651573997,0.0,0.31731050786291115
partial-fail,0.6459653508998784,0.0,0.31731050786291115
partial-fail,0.6672221868990738,0.0,0.31731050786291115
partial-fail,0.4122929599678834,0.0,0.31731050786291115
partial-fail,0.735572657726599,0.0,0.31731050786291115
partial-fail,0.3540502802074189,0.0,0.31731050786291115
partial-fail,0.2851428568989479,0.0,0.31731050786291115
partial-fail,0.6240270304510938,0.0,0.31731050786291115
partial-fail,0.5894479181431181,0.0,0.31731050786291115
partial-fail,0.56949299826105,0.0,0.31731050786291115
partial-fail,0.606142197766596,0.0,0.31731050786291115
partial-fail,0.5383070806469572,0.0,0.31731050786291115
partial-fail,0.33545181517182365,0.0,0.31731050786291115
partial-fail,0.3637220020635939,0.0,0.31731050786291115
partial-fail,0.5511782888028949,0.0,0.31731050786291115
partial-fail,0.5968264268239036,0.0,0.31731050786291115
partial-fail,0.3250883731981055,0.0,0.31731050786291115
partial-fail,0.423557614818422,0.0,0.31731050786291115
partial-fail,0.4782902598034389,0.0,0.31731050786291115
partial-fail,0.6458363243606844,0.0,0.31731050786291115
partial-fail,0.5980869453940498,0.0,0.31731050786291115
partial-fail,0.8967488828647749,0.0,0.31731050786291115
partial-fail,0.6011611361695367,0.0,0.31731050786291115
partial-fail,0.39807483328503246,0.0,0.31731050786291115
partial-fail,0.5068147139178679,0.0,0.31731050786291115
partial-fail,0.1556790670658806,0.0,0.31731050786291115
partial-fail,0.5366754872094186,0.0,0.31731050786291115
partial-fail,0.4661335980418538,0.0,0.31731050786291115
partial-fail,0.5540029330119443,0.0,0.31731050786291115
partial-fail,0.8028805392299362,0.0,0.31731050786291115
partial-fail,0.6331102303398298,0.0,0.31731050786291115
partial-fail,0.4840958863055813,0.0,0.31731050786291115
partial-fail,0.8529913923359841,0.0,0.31731050786291115
partial-fail,0.463662358297687,0.0,0.31731050786291115
partial-fail,0.4715201469637008,0.0,0.31731050786291115
partial-fail,0.4678556660859986,0.0,0.31731050786291115
partial-fail,0.5880760334175793,0.0,0.31731050786291115
partial-fail,0.4486989514849194,0.0,0.31731050786291115
partial-fail,0.5264614769508447,0.0,0.31731050786291115
partial-fail,0.51047508259845,0.0,0.31731050786291115
partial-fail,0.5272243613664629,0.0,0.31731050786291115
partial-fail,0.7835696830683649,0.0,0.31731050786291115
partial-fail,0.552623698657994,0.0,0.31731050786291115
partial-fail,0.31264092262373133,0.0,0.31731050786291115
partial-fail,0.412802004458295,0.0,0.31731050786291115
partial-fail,0.5208799165177291,0.0,0.31731050786291115
partial-fail,0.7655153378658469,0.0,0.31731050786291115
partial-fail,0.4529435907300718,0.0,0.31731050786291115
partial-fail,0.5543399555862069,0.0,0.31731050786291115
partial-fail,0.8293717439848591,0.0,0.31731050786291115
partial-fail,0.6644933486328134,0.0,0.31731050786291115
partial-fail,0.4461169355950347,0.0,0.31731050786291115
partial-fail,0.4792215736228967,0.0,0.31731050786291115
partial-fail,0.3275369160166931,0.0,0.31731050786291115
partial-fail,0.5145133352482502,0.0,0.31731050786291115
partial-fail,0.5662149655282647,0.0,0.31731050786291115
partial-fail,0.689808399625042,0.0,0.31731050786291115
partial-fail,0.4801111570068734,0.0,0.31731050786291115
partial-fail,0.2641435275594181,0.0,0.31731050786291115
partial-fail,0.7232499494250781,0.0,0.31731050786291115
partial-fail,0.5114276370117615,0.0,0.31731050786291115
partial-fail,0.561787233572732,0.0,0.31731050786291115
partial-fail,0.49981661306280084,0.0,0.31731050786291115
partial-fail,0.6448318851768393,0.0,0.31731050786291115
partial-fail,0.58560149247917,0.0,0.31731050786291115
partial-fail,0.24969830192888745,0.0,0.31731050786291115
partial-fail,0.7033032625901412,0.0,0.31731050786291115
partial-fail,0.5416403483718907,0.0,0.31731050786291115
partial-fail,0.3295224681357459,0.0,0.31731050786291115
partial-fail,0.31574056489798213,0.0,0.31731050786291115
partial-fail,0.5686841872129618,0.0,0.31731050786291115
partial-fail,0.6753145884945575,0.0,0.31731050786291115
partial-fail,0.4229588318048873,0.0,0.31731050786291115
partial-fail,0.43373134202398267,0.0,0.31731050786291115
partial-fail,0.6085190285388331,0.0,0.31731050786291115
partial-fail,0.4248753272051105,0.0,0.31731050786291115
partial-fail,0.654057472727789,0.0,0.31731050786291115
partial-fail,0.3594876931412541,0.0,0.31731050786291115
partial-fail,0.32108765101269066,0.0,0.31731050786291115
partial-fail,0.3248074123709407,0.0,0.31731050786291115
partial-fail,0.3787722909324179,0.0,0.31731050786291115
partial-fail,0.6290596327698931,0.0,0.31731050786291115
partial-fail,0.632858690587044,0.0,0.31731050786291115
partial-fail,0.7174426329801079,0.0,0.31731050786291115
partial-fail,0.5945834777075346,0.0,0.31731050786291115
partial-fail,0.5567392329231039,0.0,0.31731050786291115
partial-fail,0.431843643658956,0.0,0.31731050786291115
partial-fail,0.5996340367085732,0.0,0.31731050786291115
partial-fail,0.6260027957975132,0.0,0.31731050786291115
partial-fail,0.7189610916258541,0.0,0.31731050786291115
partial-fail,0.5433139214873824,0.0,0.31731050786291115
partial-fail,0.6163039815070893,0.0,0.31731050786291115
partial-fail,0.3941447244912615,0.0,0.31731050786291115
partial-fail,0.3064117499626543,0.0,0.31731050786291115
partial-fail,0.7212594622378917,0.0,0.31731050786291115
partial-fail,0.6488614611680691,0.0,0.31731050786291115
partial-fail,0.6608137139940924,0.0,0.31731050786291115
partial-fail,0.7266186007580682,0.0,0.31731050786291115
partial-fail,0.7151019785272724,0.0,0.31731050786291115
partial-fail,0.7106458035390382,0.0,0.31731050786291115
partial-fail,0.4838350396049597,0.0,0.31731050786291115
partial-fail,0.6608491426374501,0.0,0.31731050786291115
partial-fail,0.579553189956246,0.0,0.31731050786291115
partial-fail,0.6474145114802442,0.0,0.31731050786291115
partial-fail,0.4707165628024286,0.0,0.31731050786291115
partial-fail,0.5305603550496468,0.0,0.31731050786291115
partial-fail,0.5857662922329002,0.0,0.31731050786291115
partial-fail,0.4613070424347771,0.0,0.31731050786291115
partial-fail,0.5419725460705955,0.0,0.31731050786291115
partial-fail,0.5521845013240058,0.0,0.31731050786291115
partial-fail,0.5156323516242671,0.0,0.31731050786291115
partial-fail,0.5566232929002338,0.0,0.31731050786291115
partial-fail,0.7163937665530692,0.0,0.31731050786291115
partial-fail,0.5151805021504692,0.0,0.31731050786291115
partial-fail,0.6220600991085123,0.0,0.31731050786291115
partial-fail,0.6030128606667441,0.0,0.31731050786291115
partial-fail,0.646560144764686,0.0,0.31731050786291115
partial-fail,0.6701146323300637,0.0,0.31731050786291115
partial-fail,0.3118615901420948,0.0,0.31731050786291115
partial-fail,0.4654060882816247,0.0,0.31731050786291115
partial-fail,0.40816411575952466,0.0,0.31731050786291115
partial-fail,0.6639843912849114,0.0,0.31731050786291115
partial-fail,0.7245023878885162,0.0,0.31731050786291115
partial-fail,0.6353117053007669,0.0,0.31731050786291115
partial-fail,0.44463986993535987,0.0,0.31731050786291115
partial-fail,0.6785071192350289,0.0,0.31731050786291115
partial-fail,0.7526062677598209,0.0,0.31731050786291115
partial-fail,0.49570199955769334,0.0,0.31731050786291115
partial-fail,0.6594816270882784,0.0,0.31731050786291115
partial-fail,0.46320873899808146,0.0,0.31731050786291115
partial-fail,0.40316675629662374,0.0,0.31731050786291115
partial-fail,0.169142485815949,0.0,0.31731050786291115
partial-fail,0.5238067383467844,0.0,0.31731050786291115
partial-fail,0.44685465539325925,0.0,0.31731050786291115
partial-fail,0.38565331559815125,0.0,0.31731050786291115
partial-fail,0.6179844649568603,0.0,0.31731050786291115
partial-fail,0.5397866049274561,0.0,0.31731050786291115
partial-fail,0.3197555529038379,0.0,0.31731050786291115
partial-fail,0.510252804779236,0.0,0.31731050786291115
partial-fail,0.5517849623382676,0.0,0.31731050786291115
partial-fail,0.8170698506922521,0.0,0.31731050786291115
partial-fail,0.4955620035264413,0.0,0.31731050786291115
partial-fail,0.6741974688327825,0.0,0.31731050786291115
partial-fail,0.615860867090585,0.0,0.31731050786291115
partial-fail,0.5970791945200955,0.0,0.31731050786291115
partial-fail,0.3779778740703197,0.0,0.31731050786291115
partial-fail,0.5750485427662354,0.0,0.31731050786291115
partial-fail,0.48786291470324794,0.0,0.31731050786291115
partial-fail,0.45173639229570905,0.0,0.31731050786291115
partial-fail,0.7512424786109363,0.0,0.31731050786291115
partial-fail,0.628364089224967,0.0,0.31731050786291115
partial-fail,0.7365729053111141,0.0,0.31731050786291115
partial-fail,0.7444038022255016,0.0,0.31731050786291115
partial-fail,0.4113248192007149,0.0,0.31731050786291115
partial-fail,0.5453480494331348,0.0,0.31731050786291115
partial-fail,0.43541016717230735,0.0,0.31731050786291115
partial-fail,0.5286867694174593,0.0,0.31731050786291115
partial-fail,0.47527458812680784,0.0,0.31731050786291115
partial-fail,0.5915478105076343,0.0,0.31731050786291115
partial-fail,0.426440730356725,0.0,0.31731050786291115
partial-fail,0.4471671744273991,0.0,0.31731050786291115
partial-fail,0.7410233236269343,0.0,0.31731050786291115
partial-fail,0.8039179459532814,0.0,0.31731050786291115
partial-fail,0.43847962966498805,0.0,0.31731050786291115
partial-fail,0.43673492401977926,0.0,0.31731050786291115
partial-fail,0.3688889620778559,0.0,0.31731050786291115
partial-fail,0.5499423790143328,0.0,0.31731050786291115
partial-fail,0.45588178683242486,0.0,0.31731050786291115
partial-fail,0.7606698687411847,0.0,0.31731050786291115
partial-fail,0.5515199272656313,0.0,0.31731050786291115
partial-fail,0.38427240826606385,0.0,0.31731050786291115
partial-fail,0.6085621523383009,0.0,0.31731050786291115
partial-fail,0.4381009221656955,0.0,0.31731050786291115
partial-fail,0.7090196289982069,0.0,0.31731050786291115
partial-fail,0.7890056657692692,0.0,0.31731050786291115
partial-fail,0.5596001768484847,0.0,0.31731050786291115
partial-fail,0.6562685071077451,0.0,0.31731050786291115
partial-fail,0.6911409236843647,0.0,0.31731050786291115
partial-fail,0.6141113578564745,0.0,0.31731050786291115
partial-fail,0.225077201496206,0.0,0.31731050786291115
partial-fail,0.38341962912112415,0.0,0.31731050786291115
partial-fail,0.499534570358052,0.0,0.31731050786291115
partial-fail,0.5937057326208056,0.0,0.31731050786291115
partial-fail,0.3701892761498314,0.0,0.31731050786291115
partial-fail,0.5232589282473221,0.0,0.31731050786291115
partial-fail,0.5426254334785628,0.0,0.31731050786291115
partial-fail,0.34914626572342683,0.0,0.31731050786291115
partial-fail,0.6889813313151422,0.0,0.31731050786291115
partial-fail,0.6696210993556244,0.0,0.31731050786291115
partial-fail,0.4469904352878146,0.0,0.31731050786291115
partial-fail,0.44937701185525797,0.0,0.31731050786291115
partial-fail,0.6815423355696433,0.0,0.31731050786291115
partial-fail,0.5395680315503375,0.0,0.31731050786291115
partial-fail,0.47200078339934975,0.0,0.31731050786291115
partial-fail,0.7642367308686833,0.0,0.31731050786291115
partial-fail,0.4882235584867007,0.0,0.31731050786291115
partial-fail,0.6871708647402085,0.0,0.31731050786291115
partial-fail,0.6183426263728765,0.0,0.31731050786291115
partial-fail,0.4981672244656486,0.0,0.31731050786291115
partial-fail,0.7275521817948666,0.0,0.31731050786291115
partial-fail,0.6814798672403053,0.0,0.31731050786291115
partial-fail,0.5614351962303837,0.0,0.31731050786291115
partial-fail,0.5115066974013963,0.0,0.31731050786291115
partial-fail,0.668144453199859,0.0,0.31731050786291115
partial-fail,0.25635502120529285,0.0,0.31731050786291115
partial-fail,0.5146242916987349,0.0,0.31731050786291115
partial-fail,0.37733397781921635,0.0,0.31731050786291115
partial-fail,0.429409205041793,0.0,0.31731050786291115
partial-fail,0.7139106584995741,0.0,0.31731050786291115
partial-fail,0.6951292867148199,0.0,0.31731050786291115
partial-fail,0.4468795842314264,0.0,0.31731050786291115
partial-fail,0.6405363198748594,0.0,0.31731050786291115
partial-fail,0.36419444943333223,0.0,0.31731050786291115
partial-fail,0.46591829449421734,0.0,0.31731050786291115
partial-fail,0.5103949683346367,0.0,0.31731050786291115
partial-fail,0.4510797946715289,0.0,0.31731050786291115
partial-fail,0.5120281956576785,0.0,0.31731050786291115
partial-fail,0.5487517366186516,0.0,0.31731050786291115
partial-fail,0.6364319636627831,0.0,0.31731050786291115
partial-fail,0.48394701950457053,0.0,0.31731050786291115
partial-fail,0.564385671308928,0.0,0.31731050786291115
partial-fail,0.6275447591530204,0.0,0.31731050786291115
partial-fail,0.43880694895419375,0.0,0.31731050786291115
partial-fail,0.47842033303619114,0.0,0.31731050786291115
partial-fail,0.7193376073642235,0.0,0.31731050786291115
partial-fail,0.25557613334555745,0.0,0.31731050786291115
partial-fail,0.4523461068716464,0.0,0.31731050786291115
partial-fail,0.6598591277919916,0.0,0.31731050786291115
partial-fail,0.48033509559093457,0.0,0.31731050786291115
partial-fail,0.49653060901517565,0.0,0.31731050786291115
partial-fail,0.6170983266370231,0.0,0.31731050786291115
partial-fail,0.6172397970084764,0.0,0.31731050786291115
partial-fail,0.21449623639330423,0.0,0.31731050786291115
partial-fail,0.34513503939289875,0.0,0.31731050786291115
partial-fail,0.47892628503970675,0.0,0.31731050786291115
partial-fail,0.656230559318056,0.0,0.31731050786291115
partial-fail,0.3046562501558868,0.0,0.31731050786291115
partial-fail,0.4689647484163405,0.0,0.31731050786291115
partial-fail,0.5457436779765202,0.0,0.31731050786291115
partial-fail,0.5353840654215526,0.0,0.31731050786291115
partial-fail,0.39930647316728274,0.0,0.31731050786291115
partial-fail,0.41952807033080064,0.0,0.31731050786291115
partial-fail,0.5982269473618745,0.0,0.31731050786291115
partial-fail,0.8751200733887791,0.0,0.31731050786291115
partial-fail,0.5837579797709976,0.0,0.31731050786291115
partial-fail,0.2467152729670596,0.0,0.31731050786291115
partial-fail,0.7198141282378799,0.0,0.31731050786291115
partial-fail,0.5651683453893716,0.0,0.31731050786291115
partial-fail,0.49455619126731376,0.0,0.31731050786291115
partial-fail,0.3790062621557144,0.0,0.31731050786291115
partial-fail,0.5277257104616265,0.0,0.31731050786291115
partial-fail,0.5329949314925346,0.0,0.31731050786291115
partial-fail,0.6768041618777999,0.0,0.31731050786291115
partial-fail,0.5588766975800926,0.0,0.31731050786291115
partial-fail,0.5818829170301769,0.0,0.31731050786291115
partial-fail,0.5140499370921805,0.0,0.31731050786291115
partial-fail,0.49785973884460855,0.0,0.31731050786291115
partial-fail,0.7362156646359383,0.0,0.31731050786291115
partial-fail,0.5257279624870939,0.0,0.31731050786291115
partial-fail,0.4728454148909396,0.0,0.31731050786291115
partial-fail,0.7192036579780994,0.0,0.31731050786291115
partial-fail,0.5576459611395974,0.0,0.31731050786291115
partial-fail,0.766275551049304,0.0,0.31731050786291115
partial-fail,0.809156601166104,0.0,0.31731050786291115
partial-fail,0.5200202209710116,0.0,0.31731050786291115
partial-fail,0.3449999230774098,0.0,0.31731050786291115
partial-fail,0.5635428388125926,0.0,0.31731050786291115
partial-fail,0.5254455724513813,0.0,0.31731050786291115
partial-fail,0.7415606971668864,0.0,0.31731050786291115
partial-fail,0.4530013777701443,0.0,0.31731050786291115
partial-fail,0.5781971598463566,0.0,0.31731050786291115
partial-fail,0.49721240819754364,0.0,0.31731050786291115
partial-fail,0.8107272257727991,0.0,0.31731050786291115
partial-fail,0.5727092193520118,0.0,0.31731050786291115
partial-fail,0.396423848041151,0.0,0.31731050786291115
partial-fail,0.14832873178136433,0.0,0.31731050786291115
partial-fail,0.7859815619793851,0.0,0.31731050786291115
partial-fail,0.33442797436996197,0.0,0.31731050786291115
partial-fail,0.5239073896409501,0.0,0.31731050786291115
partial-fail,0.8568696609120862,0.0,0.31731050786291115
partial-fail,0.5628144399023391,0.0,0.31731050786291115
partial-fail,0.6688096624893781,0.0,0.31731050786291115
partial-fail,0.6631359742116865,0.0,0.31731050786291115
partial-fail,0.7280345949049651,0.0,0.31731050786291115
partial-fail,0.8043487561845785,0.0,0.31731050786291115
partial-fail,0.45458926319095155,0.0,0.31731050786291115
partial-fail,0.5680028093497369,0.0,0.31731050786291115
partial-fail,0.5832205373190967,0.0,0.31731050786291115
partial-fail,0.4001170511522283,0.0,0.31731050786291115
partial-fail,0.4801402971971874,0.0,0.31731050786291115
partial-fail,0.503748058817252,0.0,0.31731050786291115
partial-fail,0.564469522820665,0.0,0.31731050786291115
partial-fail,0.7694728970156836,0.0,0.31731050786291115
partial-fail,0.40451880569491305,0.0,0.31731050786291115
partial-fail,0.27834729789850016,0.0,0.31731050786291115
partial-fail,0.5670764640427486,0.0,0.31731050786291115
partial-fail,0.7872453444073528,0.0,0.31731050786291115
partial-fail,0.7251863630868475,0.0,0.31731050786291115
partial-fail,0.7153056752972278,0.0,0.31731050786291115
partial-fail,0.6391364044874416,0.0,0.31731050786291115
partial-fail,0.6165110427529685,0.0,0.31731050786291115
partial-fail,0.5134178651522348,0.0,0.31731050786291115
partial-fail,0.5416992458936335,0.0,0.31731050786291115
partial-fail,0.7173139923244289,0.0,0.31731050786291115
partial-fail,0.5142529321894846,0.0,0.31731050786291115
partial-fail,0.7158602131492917,0.0,0.31731050786291115
partial-fail,0.49015355078558226,0.0,0.31731050786291115
partial-fail,0.5708747489015903,0.0,0.31731050786291115
partial-fail,0.4934764127340425,0.0,0.31731050786291115
partial-fail,0.6778574178098736,0.0,0.31731050786291115
partial-fail,0.5349601051094595,0.0,0.31731050786291115
partial-fail,0.6161755226951802,0.0,0.31731050786291115
partial-fail,0.7759565487250776,0.0,0.31731050786291115
partial-fail,0.7642613346820505,0.0,0.31731050786291115
partial-fail,0.5571784995665006,0.0,0.31731050786291115
partial-fail,0.5435806744828765,0.0,0.31731050786291115
partial-fail,0.44095508521134846,0.0,0.31731050786291115
partial-fail,0.3343434182331848,0.0,0.31731050786291115
partial-fail,0.3231549539552208,0.0,0.31731050786291115
partial-fail,0.46686333980883155,0.0,0.31731050786291115
partial-fail,0.3540355114290399,0.0,0.31731050786291115
partial-fail,0.6684285201281229,0.0,0.31731050786291115
partial-fail,0.518661915200468,0.0,0.31731050786291115
partial-fail,0.5867460841913965,0.0,0.31731050786291115
partial-fail,0.37233098097535977,0.0,0.31731050786291115
partial-fail,0.4993391078157149,0.0,0.31731050786291115
partial-fail,0.4187743234793219,0.0,0.31731050786291115
partial-fail,0.8241674122508653,0.0,0.31731050786291115
partial-fail,0.6147864607182081,0.0,0.31731050786291115
partial-fail,0.6115670774918576,0.0,0.31731050786291115
partial-fail,0.6127477268747695,0.0,0.31731050786291115
partial-fail,0.20716631886373463,0.0,0.31731050786291115
partial-fail,0.5577858734437297,0.0,0.31731050786291115
partial-fail,0.8485484781691197,0.0,0.31731050786291115
partial-fail,0.6129876824761602,0.0,0.31731050786291115
partial-fail,0.6472561250625806,0.0,0.31731050786291115
partial-fail,0.562206182444629,0.0,0.31731050786291115
partial-fail,0.6131402374748435,0.0,0.31731050786291115
partial-fail,0.4619868620898208,0.0,0.31731050786291115
partial-fail,0.602028467281182,0.0,0.31731050786291115
partial-fail,0.5631928786379886,0.0,0.31731050786291115
partial-fail,0.5405218551658766,0.0,0.31731050786291115
partial-fail,0.5462630796680532,0.0,0.31731050786291115
partial-fail,0.5178798340122384,0.0,0.31731050786291115
partial-fail,0.6616384795773763,0.0,0.31731050786291115
partial-fail,0.43204482516347653,0.0,0.31731050786291115
partial-fail,0.6808128520412307,0.0,0.31731050786291115
partial-fail,0.488380523004872,0.0,0.31731050786291115
partial-fail,0.5582562852010893,0.0,0.31731050786291115
partial-fail,0.3444927726863528,0.0,0.31731050786291115
partial-fail,0.6036200437902263,0.0,0.31731050786291115
partial-fail,0.5245322124111664,0.0,0.31731050786291115
partial-fail,0.40423843271333015,0.0,0.31731050786291115
partial-fail,0.3767949614830115,0.0,0.31731050786291115
partial-fail,0.30991352298508995,0.0,0.31731050786291115
partial-fail,0.6511367737877892,0.0,0.31731050786291115
partial-fail,0.5462916234105101,0.0,0.31731050786291115
partial-fail,0.6599319400994134,0.0,0.31731050786291115
partial-fail,0.32097142576087245,0.0,0.31731050786291115
partial-fail,0.26860577818217074,0.0,0.31731050786291115
partial-fail,0.48682656433178123,0.0,0.31731050786291115
partial-fail,0.49032808917531157,0.0,0.31731050786291115
partial-fail,0.6655708918206402,0.0,0.31731050786291115
partial-fail,0.6789348145000608,0.0,0.31731050786291115
partial-fail,0.6258154084656798,0.0,0.31731050786291115
partial-fail,0.4199269846283638,0.0,0.31731050786291115
partial-fail,0.6083574915593125,0.0,0.31731050786291115
partial-fail,0.7438404563120643,0.0,0.31731050786291115
partial-fail,0.4047547118754114,0.0,0.31731050786291115
partial-fail,0.6567435251458256,0.0,0.31731050786291115
partial-fail,0.5547635764366686,0.0,0.31731050786291115
partial-fail,0.503168305993338,0.0,0.31731050786291115
partial-fail,0.4002366358421702,0.0,0.31731050786291115
partial-fail,0.5182423343805643,0.0,0.31731050786291115
partial-fail,0.5305905470699055,0.0,0.31731050786291115
partial-fail,0.5868555915226907,0.0,0.31731050786291115
partial-fail,0.5978591101587156,0.0,0.31731050786291115
partial-fail,0.7490291282853301,0.0,0.31731050786291115
partial-fail,0.48073999531184175,0.0,0.31731050786291115
partial-fail,0.46644514783070484,0.0,0.31731050786291115
partial-fail,0.43273081621772186,0.0,0.31731050786291115
partial-fail,0.4606191224783748,0.0,0.31731050786291115
partial-fail,0.6401265564121511,0.0,0.31731050786291115
partial-fail,0.4447485504416615,0.0,0.31731050786291115
partial-fail,0.4660127320585267,0.0,0.31731050786291115
partial-fail,0.5525658334613949,0.0,0.31731050786291115
partial-fail,0.581445938606211,0.0,0.31731050786291115
partial-fail,0.6040708202150807,0.0,0.31731050786291115
partial-fail,0.5474764880141179,0.0,0.31731050786291115
partial-fail,0.6115135892114052,0.0,0.31731050786291115
partial-fail,0.6010663299453083,0.0,0.31731050786291115
partial-fail,0.5209724787979264,0.0,0.31731050786291115
partial-fail,0.4706785548412889,0.0,0.31731050786291115
partial-fail,0.6009088647247844,0.0,0.31731050786291115
partial-fail,0.5802748469513082,0.0,0.31731050786291115
partial-fail,0.4906393407197135,0.0,0.31731050786291115
partial-fail,0.45865500771975465,0.0,0.31731050786291115
partial-fail,0.7119727963299309,0.0,0.31731050786291115
partial-fail,0.7222150030503062,0.0,0.31731050786291115
partial-fail,0.3063419707405248,0.0,0.31731050786291115
partial-fail,0.321442876391252,0.0,0.31731050786291115
partial-fail,0.6603129951964096,0.0,0.31731050786291115
partial-fail,0.5818732359211882,0.0,0.31731050786291115
partial-fail,0.5884608776505238,0.0,0.31731050786291115
partial-fail,0.3320824076670974,0.0,0.31731050786291115
partial-fail,0.47292227012324783,0.0,0.31731050786291115
partial-fail,0.5365538050018643,0.0,0.31731050786291115
partial-fail,0.3958168319906439,0.0,0.31731050786291115
partial-fail,0.5414934375407379,0.0,0.31731050786291115
partial-fail,0.4975943517252193,0.0,0.31731050786291115
partial-fail,0.5149235695055943,0.0,0.31731050786291115
partial-fail,0.5160236214169438,0.0,0.31731050786291115
partial-fail,0.4394687894810661,0.0,0.31731050786291115
partial-fail,0.5605928646810754,0.0,0.31731050786291115
partial-fail,0.5776975523926067,0.0,0.31731050786291115
partial-fail,0.5980149566272683,0.0,0.31731050786291115
partial-fail,0.5729098374673521,0.0,0.31731050786291115
partial-fail,0.49830758902333305,0.0,0.31731050786291115
partial-fail,0.3869039317080685,0.0,0.31731050786291115
partial-fail,0.6884628948602463,0.0,0.31731050786291115
partial-fail,0.6381798112066873,0.0,0.31731050786291115
partial-fail,0.5576584183169669,0.0,0.31731050786291115
partial-fail,0.81788210119523,0.0,0.31731050786291115
partial-fail,0.6353821346783185,0.0,0.31731050786291115
partial-fail,0.5951261615619228,0.0,0.31731050786291115
partial-fail,0.6489791700459541,0.0,0.31731050786291115
partial-fail,0.6047654556615546,0.0,0.31731050786291115
partial-fail,0.667458900762578,0.0,0.31731050786291115
partial-fail,0.6968615138404839,0.0,0.31731050786291115
partial-fail,0.8187443349544713,0.0,0.31731050786291115
partial-fail,0.6998259055765619,0.0,0.31731050786291115
partial-fail,0.2904814532402964,0.0,0.31731050786291115
partial-fail,0.6177473293343289,0.0,0.31731050786291115
partial-fail,0.29128830302909087,0.0,0.31731050786291115
partial-fail,0.4922450295717838,0.0,0.31731050786291115
partial-fail,0.5583591914386364,0.0,0.31731050786291115
partial-fail,0.41340348291583007,0.0,0.31731050786291115
partial-fail,0.4500397315046274,0.0,0.31731050786291115
partial-fail,0.27458787785631894,0.0,0.31731050786291115
partial-fail,0.5381889459249212,0.0,0.31731050786291115
partial-fail,0.5110747333948663,0.0,0.31731050786291115
partial-fail,0.5387466004895716,0.0,0.31731050786291115
partial-fail,0.4790254550651769,0.0,0.31731050786291115
partial-fail,0.5324125860566579,0.0,0.31731050786291115
partial-fail,0.6385969699444347,0.0,0.31731050786291115
partial-fail,0.642194604888503,0.0,0.31731050786291115
partial-fail,0.5720009663723944,0.0,0.31731050786291115
partial-fail,0.45407843769817047,0.0,0.31731050786291115
partial-fail,0.4735934829335653,0.0,0.31731050786291115
partial-fail,0.2901410715075419,0.0,0.31731050786291115
partial-fail,0.5452213296531709,0.0,0.31731050786291115
partial-fail,0.6059303544053146,0.0,0.31731050786291115
partial-fail,0.4210945464806317,0.0,0.31731050786291115
partial-fail,0.6507615270067033,0.0,0.31731050786291115
partial-fail,0.731754053813939,0.0,0.31731050786291115
partial-fail,0.42499957919868697,0.0,0.31731050786291115
partial-fail,0.6051030750348455,0.0,0.31731050786291115
fail,-0.33235838517728644,0.0,0.31731050786291115
fail,0.12103676799582075,0.0,0.31731050786291115
fail,0.08308069832613121,0.0,0.31731050786291115
fail,-0.1711180685541816,0.0,0.31731050786291115
fail,0.09633055363732458,0.0,0.31731050786291115
fail,0.1869274824295504,0.0,0.31731050786291115
fail,-0.03682122441414993,0.0,0.31731050786291115
fail,0.1335532043976676,0.0,0.31731050786291115
fail,-0.2168565900688259,0.0,0.31731050786291115
fail,-0.03873726452501399,0.0,0.31731050786291115
fail,0.16167749632946876,0.0,0.31731050786291115
fail,0.04394825478165358,0.0,0.31731050786291115
fail,-0.031138416174874617,0.0,0.31731050786291115
fail,0.07536083489977713,0.0,0.31731050786291115
fail,-0.07464580772799871,0.0,0.31731050786291115
fail,-0.13145828425936368,0.0,0.31731050786291115
fail,0.044200959942149086,0.0,0.31731050786291115
fail,-0.048019346332168845,0.0,0.31731050786291115
fail,0.06873156288458977,0.0,0.31731050786291115
fail,0.011883827345720856,0.0,0.31731050786291115
fail,0.05388365802094264,0.0,0.31731050786291115
fail,0.17510442055826642,0.0,0.31731050786291115
fail,0.05518405549956128,0.0,0.31731050786291115
fail,0.0618231462953659,0.0,0.31731050786291115
fail,-0.17659021880491116,0.0,0.31731050786291115
fail,-0.15022551013625002,0.0,0.31731050786291115
fail,-0.05112482973099266,0.0,0.31731050786291115
fail,0.0030770723809787404,0.0,0.31731050786291115
fail,-0.1162861039751337,0.0,0.31731050786291115
fail,-0.12310268724077923,0.0,0.31731050786291115
fail,-0.053500008049300836,0.0,0.31731050786291115
fail,-0.17526091636757907,0.0,0.31731050786291115
fail,0.2465679962706628,0.0,0.31731050786291115
fail,0.019547244431420783,0.0,0.31731050786291115
fail,0.034009359647167385,0.0,0.31731050786291115
fail,0.04776018416159951,0.0,0.31731050786291115
fail,-0.08031462070674909,0.0,0.31731050786291115
fail,0.07480171466671355,0.0,0.31731050786291115
fail,-0.012864798023290727,0.0,0.31731050786291115
fail,-0.06306121140556392,0.0,0.31731050786291115
fail,0.08445402307160463,0.0,0.31731050786291115
fail,0.19545920856398918,0.0,0.31731050786291115
fail,0.04325297859485441,0.0,0.31731050786291115
fail,0.062323486191931246,0.0,0.31731050786291115
fail,-0.007334949781848042,0.0,0.31731050786291115
fail,0.08382128773120222,0.0,0.31731050786291115
fail,0.13747590289431735,0.0,0.31731050786291115
fail,-0.14084209975305406,0.0,0.31731050786291115
fail,0.020358266451838285,0.0,0.31731050786291115
fail,-0.1379607657009769,0.0,0.31731050786291115
fail,0.05562649506826051,0.0,0.31731050786291115
fail,0.061570680998870336,0.0,0.31731050786291115
fail,-0.048765509009641564,0.0,0.31731050786291115
fail,-0.014607248855216484,0.0,0.31731050786291115
fail,-0.015570971999512965,0.0,0.31731050786291115
fail,0.1385446734609561,0.0,0.31731050786291115
fail,0.08659029472366432,0.0,0.31731050786291115
fail,0.025915090518845565,0.0,0.31731050786291115
fail,-0.24313235020294002,0.0,0.31731050786291115
fail,0.1995899619253584,0.0,0.31731050786291115
fail,-0.0979637140495602,0.0,0.31731050786291115
fail,-0.025264332128180716,0.0,0.31731050786291115
fail,-0.2694750753322369,0.0,0.31731050786291115
fail,0.18775879597442793,0.0,0.31731050786291115
fail,0.017470949028072388,0.0,0.31731050786291115
fail,-0.0644984342899922,0.0,0.31731050786291115
fail,-0.08595246519070175,0.0,0.31731050786291115
fail,-0.006115403766918163,0.0,0.31731050786291115
fail,0.0974735812330952,0.0,0.31731050786291115
fail,0.0974227986291512,0.0,0.31731050786291115
fail,0.15199458235243035,0.0,0.31731050786291115
fail,0.05411187343345261,0.0,0.31731050786291115
fail,0.25691456661236695,0.0,0.31731050786291115
fail,-0.018946175108149547,0.0,0.31731050786291115
fail,0.08402606833980944,0.0,0.31731050786291115
fail,0.054531291401028345,0.0,0.31731050786291115
fail,0.02811831412997059,0.0,0.31731050786291115
fail,-0.18708985375094617,0.0,0.31731050786291115
fail,0.046875099111743423,0.0,0.31731050786291115
fail,0.04409469210660883,0.0,0.31731050786291115
fail,-0.22267257226885015,0.0,0.31731050786291115
fail,0.0740521438767137,0.0,0.31731050786291115
fail,-0.23091634754438922,0.0,0.31731050786291115
fail,0.010287817098151962,0.0,0.31731050786291115
fail,0.030308702492771126,0.0,0.31731050786291115
fail,-0.03228488621472289,0.0,0.31731050786291115
fail,0.13948221834952979,0.0,0.31731050786291115
fail,0.05235982363601396,0.0,0.31731050786291115
fail,0.07121352234769843,0.0,0.31731050786291115
fail,-0.10665437320323216,0.0,0.31731050786291115
fail,-0.0918728658825665,0.0,0.31731050786291115
fail,-0.05166470878689477,0.0,0.31731050786291115
fail,-0.02592541132128359,0.0,0.31731050786291115
fail,0.038020630348477295,0.0,0.31731050786291115
fail,-0.1271919547851331,0.0,0.31731050786291115
fail,-0.05142377864450016,0.0,0.31731050786291115
fail,-0.1208193335105302,0.0,0.31731050786291115
fail,-0.18729490296318868,0.0,0.31731050786291115
fail,0.15387642593416861,0.0,0.31731050786291115
fail,0.1487529840762237,0.0,0.31731050786291115
fail,0.10285798240545209,0.0,0.31731050786291115
fail,-0.06647797471102068,0.0,0.31731050786291115
fail,0.1262210774908816,0.0,0.31731050786291115
fail,0.16498660456944259,0.0,0.31731050786291115
fail,-0.16576545192890213,0.0,0.31731050786291115
fail,0.2073452044714464,0.0,0.31731050786291115
fail,-0.08075900915753698,0.0,0.31731050786291115
fail,0.16935786177759024,0.0,0.31731050786291115
fail,-0.09667290230887972,0.0,0.31731050786291115
fail,-0.24426616988009842,0.0,0.31731050786291115
fail,-0.1526976335482099,0.0,0.31731050786291115
fail,0.080387765648678,0.0,0.31731050786291115
fail,0.1752689604302756,0.0,0.31731050786291115
fail,-0.04568418151792706,0.0,0.31731050786291115
fail,0.11119916541421129,0.0,0.31731050786291115
fail,0.29600745973781734,0.0,0.31731050786291115
fail,0.1741523677304068,0.0,0.31731050786291115
fail,-0.06060465323949856,0.0,0.31731050786291115
fail,-0.061593511804089146,0.0,0.31731050786291115
fail,0.04845595297285669,0.0,0.31731050786291115
fail,0.015095250392823525,0.0,0.31731050786291115
fail,0.18449519534344497,0.0,0.31731050786291115
fail,-0.09621709310232267,0.0,0.31731050786291115
fail,0.013585652499983591,0.0,0.31731050786291115
fail,-0.0004925679510957649,0.0,0.31731050786291115
fail,-0.18399949871607563,0.0,0.31731050786291115
fail,-0.03477976716712125,0.0,0.31731050786291115
fail,0.0622525470712733,0.0,0.31731050786291115
fail,0.22772709577700853,0.0,0.31731050786291115
fail,0.1067888504616989,0.0,0.31731050786291115
fail,-0.1607583244287624,0.0,0.31731050786291115
fail,0.16803451590233856,0.0,0.31731050786291115
fail,0.10433927264907009,0.0,0.31731050786291115
fail,-0.355886228513386,0.0,0.31731050786291115
fail,0.18771273897784074,0.0,0.31731050786291115
fail,-0.19868718435921326,0.0,0.31731050786291115
fail,0.09997964510884647,0.0,0.31731050786291115
fail,0.12207948021901323,0.0,0.31731050786291115
fail,-0.12607317623897524,0.0,0.31731050786291115
fail,0.1133068930831962,0.0,0.31731050786291115
fail,0.061867145936997554,0.0,0.31731050786291115
fail,-0.2462616175034902,0.0,0.31731050786291115
fail,0.04219339136063695,0.0,0.31731050786291115
fail,-0.019510997007676674,0.0,0.31731050786291115
fail,-0.03542932680374337,0.0,0.31731050786291115
fail,0.12316759873669417,0.0,0.31731050786291115
fail,0.14777805634723096,0.0,0.31731050786291115
fail,-0.048584060804442865,0.0,0.31731050786291115
fail,-0.16417331307133132,0.0,0.31731050786291115
fail,0.07338456979888248,0.0,0.31731050786291115
fail,0.16405155980630903,0.0,0.31731050786291115
fail,0.22772709577700853,0.0,0.31731050786291115
fail,0.2562055229714584,0.0,0.31731050786291115
fail,-0.020818247470495797,0.0,0.31731050786291115
fail,-0.06318823689155609,0.0,0.31731050786291115
fail,0.16117322799887396,0.0,0.31731050786291115
fail,0.187861058510828,0.0,0.31731050786291115
fail,-0.2517764586751353,0.0,0.31731050786291115
fail,0.19770008976768125,0.0,0.31731050786291115
fail,0.15119730810242327,0.0,0.31731050786291115
fail,0.04063845716325924,0.0,0.31731050786291115
fail,0.09018747955412586,0.0,0.31731050786291115
fail,-0.0010032763606833423,0.0,0.31731050786291115
fail,-0.009936738375579667,0.0,0.31731050786291115
fail,-0.08781806690808502,0.0,0.31731050786291115
fail,0.06676106699566617,0.0,0.31731050786291115
fail,-0.1419224605124382,0.0,0.31731050786291115
fail,0.18549782388478725,0.0,0.31731050786291115
fail,0.21329487727153215,0.0,0.31731050786291115
fail,-0.14289110534692645,0.0,0.31731050786291115
fail,0.11608803025459377,0.0,0.31731050786291115
fail,0.06814322705288156,0.0,0.31731050786291115
fail,0.06090110661549522,0.0,0.31731050786291115
fail,0.13649963819926975,0.0,0.31731050786291115
fail,0.10225310330264847,0.0,0.31731050786291115
fail,0.14461286295315776,0.0,0.31731050786291115
fail,-0.15383692967842902,0.0,0.31731050786291115
fail,0.0073660447904871085,0.0,0.31731050786291115
fail,0.1000794524944913,0.0,0.31731050786291115
fail,0.04552233610872886,0.0,0.31731050786291115
fail,0.1139804860057232,0.0,0.31731050786291115
fail,-0.18575369958130053,0.0,0.31731050786291115
fail,-0.1255765928499634,0.0,0.31731050786291115
fail,0.1436224397282381,0.0,0.31731050786291115
fail,-0.06778788340252277,0.0,0.31731050786291115
fail,-0.1112331010788613,0.0,0.31731050786291115
fail,0.23677127777422494,0.0,0.31731050786291115
fail,0.06242942049693781,0.0,0.31731050786291115
fail,0.18602817920588116,0.0,0.31731050786291115
fail,-0.006285183574535842,0.0,0.31731050786291115
fail,-0.0007592000858799952,0.0,0.31731050786291115
fail,-0.017911902798795266,0.0,0.31731050786291115
fail,-0.006010858855185922,0.0,0.31731050786291115
fail,-0.08124133896491266,0.0,0.31731050786291115
fail,0.15574883207990864,0.0,0.31731050786291115
fail,0.0833918980658946,0.0,0.31731050786291115
fail,0.10328212842116431,0.0,0.31731050786291115
fail,0.011728675956558209,0.0,0.31731050786291115
fail,-0.03071331391351019,0.0,0.31731050786291115
fail,0.12288460036676545,0.0,0.31731050786291115
fail,0.06449182171625577,0.0,0.31731050786291115
fail,0.1894921096938973,0.0,0.31731050786291115
fail,0.2924868637939982,0.0,0.31731050786291115
fail,0.11436726965622468,0.0,0.31731050786291115
fail,-0.08175780037546845,0.0,0.31731050786291115
fail,-0.22435933016554882,0.0,0.31731050786291115
fail,-0.10909643791820661,0.0,0.31731050786291115
fail,0.016510140906182677,0.0,0.31731050786291115
fail,0.1519257027365105,0.0,0.31731050786291115
fail,0.11516824464511691,0.0,0.31731050786291115
fail,0.37888193155537186,0.0,0.31731050786291115
fail,0.23399157999981485,0.0,0.31731050786291115
fail,0.04020084555525097,0.0,0.31731050786291115
fail,0.08484096942199262,0.0,0.31731050786291115
fail,0.2450153047843512,0.0,0.31731050786291115
fail,0.10963181735650639,0.0,0.31731050786291115
fail,0.08271120670614758,0.0,0.31731050786291115
fail,-0.19517743415119954,0.0,0.31731050786291115
fail,-0.1162345600354954,0.0,0.31731050786291115
fail,0.18453880010635634,0.0,0.31731050786291115
fail,-0.19901704512759325,0.0,0.31731050786291115
fail,0.1044418030918038,0.0,0.31731050786291115
fail,0.07015944675110092,0.0,0.31731050786291115
fail,0.08662446588862051,0.0,0.31731050786291115
fail,-0.23987096181750478,0.0,0.31731050786291115
fail,-0.11664577331026525,0.0,0.31731050786291115
fail,0.021663625969790924,0.0,0.31731050786291115
fail,0.08225261320722603,0.0,0.31731050786291115
fail,-0.1249094740399084,0.0,0.31731050786291115
fail,0.18566281243036092,0.0,0.31731050786291115
fail,0.1354627280253136,0.0,0.31731050786291115
fail,-0.11847794436114135,0.0,0.31731050786291115
fail,-0.0821463610796908,0.0,0.31731050786291115
fail,0.017943395341047552,0.0,0.31731050786291115
fail,-0.03159495855091424,0.0,0.31731050786291115
fail,0.1828722474316279,0.0,0.31731050786291115
fail,0.08527492367940996,0.0,0.31731050786291115
fail,0.28494861949821404,0.0,0.31731050786291115
fail,0.08560880040215978,0.0,0.31731050786291115
fail,-0.05771164223373025,0.0,0.31731050786291115
fail,0.0019042286366367988,0.0,0.31731050786291115
fail,-0.009711319233065834,0.0,0.31731050786291115
fail,-0.013249297409678592,0.0,0.31731050786291115
fail,0.012971967692299448,0.0,0.31731050786291115
fail,0.12182255652162467,0.0,0.31731050786291115
fail,0.09204578208141084,0.0,0.31731050786291115
fail,0.2908955904407418,0.0,0.31731050786291115
fail,-0.009397883510695289,0.0,0.31731050786291115
fail,-0.08229759103909744,0.0,0.31731050786291115
fail,-0.02306949195376989,0.0,0.31731050786291115
fail,0.06013028824007251,0.0,0.31731050786291115
fail,0.20608933114086112,0.0,0.31731050786291115
fail,-0.01034863717635395,0.0,0.31731050786291115
fail,0.0037094139291003097,0.0,0.31731050786291115
fail,0.0013941958258976794,0.0,0.31731050786291115
fail,-0.1606010353162032,0.0,0.31731050786291115
fail,-0.06734203554102375,0.0,0.31731050786291115
fail,-0.2162133221688191,0.0,0.31731050786291115
fail,-0.12786870724318083,0.0,0.31731050786291115
fail,0.03952070859644104,0.0,0.31731050786291115
fail,0.2748646479680487,0.0,0.31731050786291115
fail,0.058384543087535004,0.0,0.31731050786291115
fail,0.1653084466908799,0.0,0.31731050786291115
fail,-0.14775504367507467,0.0,0.31731050786291115
fail,0.020235969342604316,0.0,0.31731050786291115
fail,-0.22126625926524826,0.0,0.31731050786291115
fail,0.08372991036612584,0.0,0.31731050786291115
fail,0.03143382314952934,0.0,0.31731050786291115
fail,0.004505734665745471,0.0,0.31731050786291115
fail,0.024408443469953637,0.0,0.31731050786291115
fail,-0.07193507946164676,0.0,0.31731050786291115
fail,-0.0680405726346388,0.0,0.31731050786291115
fail,-0.118067815188423,0.0,0.31731050786291115
fail,0.06029578954446492,0.0,0.31731050786291115
fail,0.08428694445510161,0.0,0.31731050786291115
fail,0.0456263165240578,0.0,0.31731050786291115
fail,0.1923707207155877,0.0,0.31731050786291115
fail,0.06102157155336249,0.0,0.31731050786291115
fail,0.034812698929116044,0.0,0.31731050786291115
fail,0.010784575497323102,0.0,0.31731050786291115
fail,0.027024030670183836,0.0,0.31731050786291115
fail,0.14336825790205457,0.0,0.31731050786291115
fail,-0.13447154242156265,0.0,0.31731050786291115
fail,-0.08169278456329909,0.0,0.31731050786291115
fail,0.015095250392823525,0.0,0.31731050786291115
fail,0.18248341898447998,0.0,0.31731050786291115
fail,-0.13214818262378922,0.0,0.31731050786291115
fail,0.217407060362205,0.0,0.31731050786291115
fail,0.10864836554803253,0.0,0.31731050786291115
fail,-0.08347196009452316,0.0,0.31731050786291115
fail,0.020017309366669046,0.0,0.31731050786291115
fail,-0.03836876844382334,0.0,0.31731050786291115
fail,-0.11232588829363016,0.0,0.31731050786291115
fail,-0.03516939544568493,0.0,0.31731050786291115
fail,0.2477435845791562,0.0,0.31731050786291115
fail,-0.11316838421120516,0.0,0.31731050786291115
fail,-0.00718158931897035,0.0,0.31731050786291115
fail,0.1720139544309182,0.0,0.31731050786291115
fail,0.04108421819065514,0.0,0.31731050786291115
fail,0.006660320892691626,0.0,0.31731050786291115
fail,0.014989759650278977,0.0,0.31731050786291115
fail,-0.08228023682336542,0.0,0.31731050786291115
fail,0.07575295492822798,0.0,0.31731050786291115
fail,-0.16084176993377644,0.0,0.31731050786291115
fail,-0.10485276335937042,0.0,0.31731050786291115
fail,0.06553757931316173,0.0,0.31731050786291115
fail,0.11048457959242194,0.0,0.31731050786291115
fail,-0.1603946235756664,0.0,0.31731050786291115
fail,0.08348551916186667,0.0,0.31731050786291115
fail,0.17985307460661812,0.0,0.31731050786291115
fail,0.0005638900870426843,0.0,0.31731050786291115
fail,-0.05726343625730003,0.0,0.31731050786291115
fail,-0.1431872238115357,0.0,0.31731050786291115
fail,0.2399556160577892,0.0,0.31731050786291115
fail,0.10709973142957616,0.0,0.31731050786291115
fail,0.04680758810930809,0.0,0.31731050786291115
fail,0.03261543671514582,0.0,0.31731050786291115
fail,0.06986212535014116,0.0,0.31731050786291115
fail,0.005186033565966196,0.0,0.31731050786291115
fail,-0.11043955705318924,0.0,0.31731050786291115
fail,0.09167067598517714,0.0,0.31731050786291115
fail,0.05933601368335218,0.0,0.31731050786291115
fail,-0.069186558700179,0.0,0.31731050786291115
fail,-0.10957803271842213,0.0,0.31731050786291115
fail,0.009419197298901392,0.0,0.31731050786291115
fail,0.2221669021410722,0.0,0.31731050786291115
fail,0.07729455895058282,0.0,0.31731050786291115
fail,0.10331063310888833,0.0,0.31731050786291115
fail,0.0842436172094231,0.0,0.31731050786291115
fail,0.2184994910053365,0.0,0.31731050786291115
fail,0.033465965145581755,0.0,0.31731050786291115
fail,0.06140216240476819,0.0,0.31731050786291115
fail,0.31747301959816643,0.0,0.31731050786291115
fail,-0.14566670150518723,0.0,0.31731050786291115
fail,0.27167232856013274,0.0,0.31731050786291115
fail,-0.08327852503023535,0.0,0.31731050786291115
fail,-0.054243050053864726,0.0,0.31731050786291115
fail,0.10049022052340223,0.0,0.31731050786291115
fail,0.12588325355068952,0.0,0.31731050786291115
fail,-0.21303203997253786,0.0,0.31731050786291115
fail,-0.07701546142031693,0.0,0.31731050786291115
fail,-0.05495532172601006,0.0,0.31731050786291115
fail,0.2716782396091475,0.0,0.31731050786291115
fail,-0.0484803700486133,0.0,0.31731050786291115
fail,-0.01070690314441339,0.0,0.31731050786291115
fail,0.05059100370088777,0.0,0.31731050786291115
fail,-0.12779404891940419,0.0,0.31731050786291115
fail,0.17534024317429323,0.0,0.31731050786291115
fail,0.08333018986446558,0.0,0.31731050786291115
fail,0.1228993397214717,0.0,0.31731050786291115
fail,0.2692877925154827,0.0,0.31731050786291115
fail,-0.1823589840243295,0.0,0.31731050786291115
fail,0.19802228955626042,0.0,0.31731050786291115
fail,-0.20222501166505885,0.0,0.31731050786291115
fail,0.030002460002386336,0.0,0.31731050786291115
fail,0.09343381798519815,0.0,0.31731050786291115
fail,-0.12117244495109152,0.0,0.31731050786291115
fail,-0.09241618158932516,0.0,0.31731050786291115
fail,-0.007875931445364004,0.0,0.31731050786291115
fail,-0.0010130103359733025,0.0,0.31731050786291115
fail,0.13032095624098752,0.0,0.31731050786291115
fail,0.03167688621799645,0.0,0.31731050786291115
fail,-0.16806471378580806,0.0,0.31731050786291115
fail,0.30959088797084305,0.0,0.31731050786291115
fail,0.19090444884176655,0.0,0.31731050786291115
fail,-0.014344252806851612,0.0,0.31731050786291115
fail,-0.1837307661200366,0.0,0.31731050786291115
fail,0.22337153169779725,0.0,0.31731050786291115
fail,0.16996841658804723,0.0,0.31731050786291115
fail,0.05126695770557104,0.0,0.31731050786291115
fail,0.13692644169646556,0.0,0.31731050786291115
fail,0.140518175315643,0.0,0.31731050786291115
fail,-0.07268660611624482,0.0,0.31731050786291115
fail,-0.26346774175068344,0.0,0.31731050786291115
fail,-0.17096138508249956,0.0,0.31731050786291115
fail,0.033516287938282575,0.0,0.31731050786291115
fail,-0.3316963347537113,0.0,0.31731050786291115
fail,0.14222622728079873,0.0,0.31731050786291115
fail,-0.1354981144143239,0.0,0.31731050786291115
fail,-0.09282059713540569,0.0,0.31731050786291115
fail,0.1127141406715521,0.0,0.31731050786291115
fail,0.28494861949821404,0.0,0.31731050786291115
fail,0.31683079303544937,0.0,0.31731050786291115
fail,0.06207976198014101,0.0,0.31731050786291115
fail,0.29044520583072325,0.0,0.31731050786291115
fail,0.17995879722357058,0.0,0.31731050786291115
fail,0.05329369256195704,0.0,0.31731050786291115
fail,-0.016011800998907894,0.0,0.31731050786291115
fail,0.1039058988156559,0.0,0.31731050786291115
fail,-0.06264897806351284,0.0,0.31731050786291115
fail,0.0633667068471516,0.0,0.31731050786291115
fail,-0.004660436629014907,0.0,0.31731050786291115
fail,0.0032324177814091783,0.0,0.31731050786291115
fail,-0.17932507273119408,0.0,0.31731050786291115
fail,0.11924776407597268,0.0,0.31731050786291115
fail,-0.13668745068614863,0.0,0.31731050786291115
fail,0.026432599594132276,0.0,0.31731050786291115
fail,0.36545318680707384,0.0,0.31731050786291115
fail,0.17085483119799874,0.0,0.31731050786291115
fail,-0.04111763602992934,0.0,0.31731050786291115
fail,0.1985860507220325,0.0,0.31731050786291115
fail,-0.0805623381413246,0.0,0.31731050786291115
fail,0.14079145793652065,0.0,0.31731050786291115
fail,-0.07200026082423655,0.0,0.31731050786291115
fail,-0.002034079211846968,0.0,0.31731050786291115
fail,-0.07141086573242578,0.0,0.31731050786291115
fail,0.025088024317844987,0.0,0.31731050786291115
fail,-0.03178797526369568,0.0,0.31731050786291115
fail,0.2342297848442166,0.0,0.31731050786291115
fail,0.15009248493980182,0.0,0.31731050786291115
fail,0.09828569611998793,0.0,0.31731050786291115
fail,-0.09994247705664619,0.0,0.31731050786291115
fail,0.06505153371708283,0.0,0.31731050786291115
fail,0.09384103657113409,0.0,0.31731050786291115
fail,0.001570029006381572,0.0,0.31731050786291115
fail,0.2904762481473971,0.0,0.31731050786291115
fail,0.14424913237216014,0.0,0.31731050786291115
fail,-0.18951908060217743,0.0,0.31731050786291115
fail,0.07480033654824167,0.0,0.31731050786291115
fail,-0.06425435968301028,0.0,0.31731050786291115
fail,0.1653203559940424,0.0,0.31731050786291115
fail,0.07901247563485937,0.0,0.31731050786291115
fail,0.07363344502474581,0.0,0.31731050786291115
fail,-0.04558395180621238,0.0,0.31731050786291115
fail,0.03120652707989454,0.0,0.31731050786291115
fail,-0.03005735760052697,0.0,0.31731050786291115
fail,0.040524330234436585,0.0,0.31731050786291115
fail,0.15933260430878501,0.0,0.31731050786291115
fail,-0.10037646705381661,0.0,0.31731050786291115
fail,0.00038450728523037087,0.0,0.31731050786291115
fail,-0.16836188861386603,0.0,0.31731050786291115
fail,-0.008898485803131644,0.0,0.31731050786291115
fail,0.0028439111369659275,0.0,0.31731050786291115
fail,0.141380801630291,0.0,0.31731050786291115
fail,0.11688936515795367,0.0,0.31731050786291115
fail,-0.008486012069354643,0.0,0.31731050786291115
fail,0.23889894454983907,0.0,0.31731050786291115
fail,-0.06266490938724582,0.0,0.31731050786291115
fail,0.17878113278788188,0.0,0.31731050786291115
fail,-0.047262842660559905,0.0,0.31731050786291115
fail,-0.0020241062950275618,0.0,0.31731050786291115
fail,0.027329603167563953,0.0,0.31731050786291115
fail,-0.021202365110386607,0.0,0.31731050786291115
fail,0.14016950614309867,0.0,0.31731050786291115
fail,0.20967988084102232,0.0,0.31731050786291115
fail,0.05022999074310532,0.0,0.31731050786291115
fail,0.28876416688360346,0.0,0.31731050786291115
fail,0.11675227042691445,0.0,0.31731050786291115
fail,-0.15195787246177295,0.0,0.31731050786291115
fail,-0.06741697323715369,0.0,0.31731050786291115
fail,0.07019943448874118,0.0,0.31731050786291115
fail,-0.1107563956159921,0.0,0.31731050786291115
fail,0.23864758448138212,0.0,0.31731050786291115
fail,0.04948247618705513,0.0,0.31731050786291115
fail,-0.04173799302955174,0.0,0.31731050786291115
fail,-0.07837175220448588,0.0,0.31731050786291115
fail,0.2926073045858957,0.0,0.31731050786291115
fail,0.17895898643854968,0.0,0.31731050786291115
fail,-0.05104687251705093,0.0,0.31731050786291115
fail,0.038758138586024345,0.0,0.31731050786291115
fail,-0.14290705501341375,0.0,0.31731050786291115
fail,-0.04728080660360528,0.0,0.31731050786291115
fail,0.05167283489810703,0.0,0.31731050786291115
fail,-0.0020874305036714144,0.0,0.31731050786291115
fail,0.16223309140817121,0.0,0.31731050786291115
fail,0.013410826653315356,0.0,0.31731050786291115
fail,0.19374621316624038,0.0,0.31731050786291115
fail,-0.014869474110303206,0.0,0.31731050786291115
fail,0.15063631067057018,0.0,0.31731050786291115
fail,0.12115956816670707,0.0,0.31731050786291115
fail,-0.01477892367389539,0.0,0.31731050786291115
fail,-0.042866904289091734,0.0,0.31731050786291115
fail,0.23047329637964195,0.0,0.31731050786291115
fail,0.1240624223508198,0.0,0.31731050786291115
fail,0.12260480859036371,0.0,0.31731050786291115
fail,0.18687449773576323,0.0,0.31731050786291115
fail,0.16500403573149194,0.0,0.31731050786291115
fail,-0.06649053507355712,0.0,0.31731050786291115
fail,-0.004792957181621152,0.0,0.31731050786291115
fail,-0.0742429264956089,0.0,0.31731050786291115
fail,0.04797844661094772,0.0,0.31731050786291115
fail,-0.012258756350319264,0.0,0.31731050786291115
fail,-0.1634779055156951,0.0,0.31731050786291115
fail,-0.23437904922963484,0.0,0.31731050786291115
fail,-0.036352180830077296,0.0,0.31731050786291115
fail,-0.0452307320241793,0.0,0.31731050786291115
fail,0.07976069150174159,0.0,0.31731050786291115
fail,-0.009988266766793041,0.0,0.31731050786291115
fail,-0.13116805418408148,0.0,0.31731050786291115
fail,0.017429420709913622,0.0,0.31731050786291115
fail,0.0019076055991172894,0.0,0.31731050786291115
fail,-0.016764059850101157,0.0,0.31731050786291115
fail,0.07521443969555434,0.0,0.31731050786291115
fail,-0.013329034057254264,0.0,0.31731050786291115
fail,-0.07531864103383944,0.0,0.31731050786291115
fail,0.182228592350488,0.0,0.31731050786291115
fail,-0.12850262575534677,0.0,0.31731050786291115
fail,0.11692110692492974,0.0,0.31731050786291115
fail,-0.07858023054253736,0.0,0.31731050786291115
fail,0.013741637512309465,0.0,0.31731050786291115
